time,temperature_2m_max,temperature_2m_min,rain_sum,precipitation_sum,wind_speed_10m_max,relative_humidity_2m_mean,surface_pressure_mean,cloud_cover_mean
2021-01-01,27.7,21.3,1.8,1.8,18.8,81,1005.8,77
2021-01-02,27.7,21.2,1.2,1.2,19.9,83,1005.3,74
2021-01-03,27.3,22.5,19.6,19.6,14.4,92,1004.2,92
2021-01-04,28.9,22.9,1.7,1.7,16.3,84,1004.2,74
2021-01-05,26.5,22.7,8.7,8.7,17.6,91,1004.7,86
2021-01-06,27.6,22.8,10.2,10.2,12.2,92,1004.0,88
2021-01-07,28.4,22.8,3.1,3.1,14.7,88,1002.9,83
2021-01-08,28.6,22.7,8.2,8.2,12.9,91,1002.4,76
2021-01-09,28.4,23.1,3.5,3.5,14.5,88,1003.1,98
2021-01-10,27.8,23.2,3.0,3.0,17.1,88,1003.4,100
2021-01-11,25.4,23.1,38.2,38.2,19.2,94,1003.9,100
2021-01-12,24.6,22.7,36.9,36.9,25.0,95,1003.8,100
2021-01-13,27.6,22.6,19.3,19.3,20.6,92,1004.3,88
2021-01-14,28.9,22.3,8.6,8.6,15.3,90,1004.1,67
2021-01-15,27.5,22.7,9.1,9.1,18.0,91,1004.1,92
2021-01-16,28.0,22.4,5.0,5.0,17.1,91,1003.6,70
2021-01-17,28.7,20.3,0.0,0.0,13.3,82,1004.5,53
2021-01-18,27.9,19.4,0.0,0.0,19.1,79,1005.6,46
2021-01-19,28.5,19.0,0.2,0.2,14.9,79,1005.1,59
2021-01-20,27.6,21.5,2.4,2.4,15.8,84,1005.4,80
2021-01-21,29.2,23.1,0.5,0.5,10.9,89,1005.0,59
2021-01-22,29.3,22.0,1.1,1.1,9.7,89,1005.0,51
2021-01-23,30.0,21.9,0.0,0.0,13.4,82,1005.4,40
2021-01-24,28.6,20.1,0.0,0.0,10.3,81,1006.1,90
2021-01-25,29.0,19.2,1.2,1.2,11.1,83,1006.6,76
2021-01-26,28.7,19.4,0.0,0.0,16.1,80,1006.0,62
2021-01-27,28.5,18.1,0.0,0.0,15.3,76,1006.3,87
2021-01-28,28.5,19.5,0.2,0.2,17.4,77,1006.3,42
2021-01-29,28.4,20.3,1.9,1.9,17.5,83,1006.5,62
2021-01-30,29.1,21.5,1.0,1.0,16.9,78,1006.0,38
2021-01-31,30.1,20.7,0.6,0.6,16.5,78,1006.2,20
2021-02-01,30.1,21.1,0.0,0.0,19.7,76,1007.8,13
2021-02-02,30.2,21.1,0.0,0.0,18.4,74,1008.1,38
2021-02-03,29.8,21.6,0.0,0.0,19.3,74,1007.7,58
2021-02-04,29.8,20.2,0.0,0.0,18.6,71,1007.8,60
2021-02-05,29.8,19.4,0.0,0.0,15.3,72,1006.8,47
2021-02-06,30.0,19.7,0.0,0.0,17.6,71,1005.8,47
2021-02-07,30.7,19.6,0.0,0.0,19.7,71,1006.1,24
2021-02-08,30.5,20.3,0.0,0.0,21.9,71,1007.1,5
2021-02-09,29.9,19.8,0.1,0.1,20.6,70,1006.4,74
2021-02-10,29.6,19.7,0.0,0.0,14.3,66,1005.8,36
2021-02-11,29.9,17.7,0.0,0.0,13.9,69,1005.3,45
2021-02-12,30.1,17.6,0.0,0.0,13.0,66,1005.7,47
2021-02-13,30.7,18.6,0.0,0.0,15.9,70,1006.7,17
2021-02-14,31.2,19.5,0.0,0.0,13.8,73,1006.5,21
2021-02-15,32.6,20.2,0.0,0.0,17.7,73,1005.4,60
2021-02-16,31.7,21.2,0.0,0.0,14.3,72,1005.1,76
2021-02-17,31.4,20.1,0.0,0.0,18.8,72,1004.8,7
2021-02-18,29.0,20.8,1.2,1.2,13.8,74,1005.9,34
2021-02-19,30.6,20.6,0.3,0.3,15.8,75,1006.0,31
2021-02-20,29.2,22.5,2.2,2.2,16.3,79,1005.6,79
2021-02-21,29.5,22.1,3.3,3.3,13.9,84,1006.4,70
2021-02-22,30.4,22.1,0.6,0.6,16.5,77,1006.7,46
2021-02-23,32.4,22.4,0.0,0.0,15.7,74,1005.6,74
2021-02-24,32.7,20.9,0.0,0.0,13.0,74,1005.0,37
2021-02-25,33.0,19.3,0.0,0.0,15.5,72,1004.9,66
2021-02-26,34.7,19.2,0.0,0.0,11.9,67,1003.4,14
2021-02-27,34.0,19.1,0.0,0.0,13.0,70,1002.6,12
2021-02-28,33.7,18.8,0.0,0.0,14.7,71,1003.3,29
2021-03-01,33.7,19.1,0.0,0.0,14.3,72,1006.1,31
2021-03-02,34.6,19.6,0.0,0.0,17.7,68,1006.3,20
2021-03-03,33.9,19.2,0.0,0.0,19.1,70,1005.2,34
2021-03-04,32.3,20.1,0.0,0.0,16.0,69,1005.5,30
2021-03-05,33.6,20.3,0.0,0.0,18.0,70,1006.3,12
2021-03-06,34.8,20.3,0.0,0.0,14.3,68,1006.1,27
2021-03-07,34.8,20.4,0.0,0.0,18.0,73,1005.2,30
2021-03-08,33.9,22.6,0.5,0.5,16.9,73,1005.5,18
2021-03-09,34.3,23.2,0.5,0.5,16.2,71,1006.0,20
2021-03-10,33.5,23.9,1.2,1.2,16.2,76,1006.0,42
2021-03-11,34.7,23.0,0.1,0.1,16.5,70,1006.0,43
2021-03-12,34.0,21.5,0.0,0.0,16.3,68,1007.1,54
2021-03-13,34.1,21.0,0.0,0.0,16.6,69,1006.4,23
2021-03-14,35.2,22.2,0.0,0.0,19.8,64,1005.0,27
2021-03-15,36.2,21.4,0.0,0.0,19.6,64,1004.2,5
2021-03-16,36.0,21.4,0.0,0.0,19.1,67,1004.2,27
2021-03-17,35.6,20.9,0.0,0.0,18.4,70,1003.4,50
2021-03-18,34.7,21.7,0.0,0.0,14.4,67,1003.6,86
2021-03-19,35.0,20.7,0.0,0.0,15.5,66,1003.5,69
2021-03-20,33.9,20.9,0.2,0.2,11.3,68,1002.5,35
2021-03-21,35.6,22.5,0.0,0.0,15.5,66,1002.0,40
2021-03-22,35.7,23.1,0.0,0.0,14.1,66,1003.5,36
2021-03-23,36.1,22.6,0.0,0.0,18.4,67,1004.2,47
2021-03-24,35.9,23.4,0.0,0.0,17.3,65,1003.9,45
2021-03-25,37.0,24.8,0.0,0.0,18.4,63,1002.9,90
2021-03-26,36.1,24.7,0.0,0.0,15.9,66,1002.4,54
2021-03-27,36.8,23.4,0.0,0.0,16.9,66,1002.2,62
2021-03-28,37.0,23.8,0.1,0.1,17.9,68,1001.8,86
2021-03-29,37.3,25.1,0.0,0.0,16.8,65,1001.8,34
2021-03-30,39.2,25.1,0.0,0.0,15.0,57,1000.2,61
2021-03-31,39.7,25.3,0.0,0.0,22.2,62,998.6,39
2021-04-01,39.6,26.2,0.3,0.3,21.3,63,998.6,16
2021-04-02,40.2,26.0,0.0,0.0,23.3,59,998.7,31
2021-04-03,39.9,25.5,0.0,0.0,23.2,60,999.5,31
2021-04-04,39.7,25.3,0.0,0.0,16.4,61,1000.5,47
2021-04-05,38.2,26.4,0.0,0.0,19.5,63,1001.6,28
2021-04-06,37.0,24.9,0.8,0.8,17.7,64,1003.1,50
2021-04-07,36.8,22.7,0.0,0.0,15.6,64,1004.0,38
2021-04-08,36.7,23.5,0.0,0.0,15.3,64,1002.5,67
2021-04-09,36.8,25.0,0.2,0.2,15.3,60,1001.9,34
2021-04-10,34.1,24.7,1.7,1.7,13.0,69,1003.5,26
2021-04-11,34.8,23.7,0.8,0.8,12.9,72,1004.6,36
2021-04-12,32.8,25.3,3.7,3.7,14.9,75,1005.1,79
2021-04-13,33.3,24.6,4.0,4.0,17.9,76,1004.7,84
2021-04-14,34.0,24.8,3.2,3.2,17.6,76,1004.0,71
2021-04-15,32.9,24.6,17.1,17.1,14.3,81,1003.8,87
2021-04-16,34.2,23.5,15.5,15.5,15.1,77,1003.1,96
2021-04-17,35.3,25.4,0.2,0.2,15.9,71,1003.3,57
2021-04-18,36.1,25.8,0.3,0.3,15.8,71,1004.3,53
2021-04-19,37.7,25.9,0.4,0.4,19.0,67,1002.3,65
2021-04-20,38.1,26.0,0.1,0.1,17.1,66,1001.4,85
2021-04-21,37.9,26.0,0.1,0.1,17.7,68,1002.6,46
2021-04-22,37.7,25.6,0.2,0.2,17.3,67,1003.0,69
2021-04-23,38.5,25.3,0.0,0.0,17.9,65,1002.5,40
2021-04-24,37.9,26.6,0.0,0.0,15.2,63,1002.0,59
2021-04-25,36.5,27.0,0.0,0.0,14.5,65,1002.1,24
2021-04-26,36.9,26.8,0.2,0.2,16.5,66,1001.7,42
2021-04-27,37.7,26.4,0.2,0.2,16.3,65,1002.2,21
2021-04-28,38.9,26.6,0.2,0.2,17.2,64,1002.5,23
2021-04-29,39.2,26.7,0.0,0.0,17.2,65,1001.8,39
2021-04-30,36.4,27.5,0.5,0.5,15.5,66,1001.4,41
2021-05-01,35.5,26.9,1.3,1.3,15.0,69,1001.8,71
2021-05-02,35.9,26.7,3.0,3.0,19.3,68,1001.8,67
2021-05-03,34.3,26.4,3.0,3.0,14.5,72,1001.7,89
2021-05-04,36.2,25.7,1.2,1.2,19.1,70,1001.5,67
2021-05-05,36.5,25.6,1.1,1.1,16.1,69,1001.3,89
2021-05-06,35.8,25.7,1.5,1.5,18.3,72,1002.2,57
2021-05-07,35.4,26.2,1.2,1.2,18.1,71,1002.9,75
2021-05-08,35.9,25.3,1.8,1.8,14.2,69,1002.1,73
2021-05-09,35.1,25.7,1.4,1.4,14.5,71,1000.9,57
2021-05-10,35.8,26.1,0.7,0.7,17.4,70,1000.5,60
2021-05-11,37.7,26.5,0.0,0.0,19.1,67,1000.3,74
2021-05-12,37.6,27.2,0.3,0.3,18.5,66,999.2,87
2021-05-13,37.9,26.7,7.0,7.0,15.9,70,998.6,97
2021-05-14,37.5,26.0,0.0,0.0,23.7,65,998.0,99
2021-05-15,33.9,26.6,1.5,1.5,21.1,70,997.7,98
2021-05-16,35.3,25.7,0.3,0.3,15.2,67,998.9,66
2021-05-17,37.6,25.2,0.1,0.1,17.4,65,999.9,15
2021-05-18,38.5,27.0,0.1,0.1,17.4,64,1000.1,31
2021-05-19,38.9,26.8,8.3,8.3,18.8,68,999.7,30
2021-05-20,37.1,26.1,8.8,8.8,15.1,72,1000.3,74
2021-05-21,34.1,26.5,5.3,5.3,20.6,80,1000.9,100
2021-05-22,33.1,25.1,2.4,2.4,14.5,73,1000.2,99
2021-05-23,36.5,27.1,0.6,0.6,18.7,63,999.9,100
2021-05-24,38.6,27.7,0.0,0.0,21.0,51,999.3,100
2021-05-25,39.4,28.0,0.6,0.6,24.7,53,998.5,100
2021-05-26,35.8,27.4,0.0,0.0,30.1,53,998.3,99
2021-05-27,39.2,27.2,0.0,0.0,25.3,47,998.2,40
2021-05-28,40.3,27.3,0.0,0.0,21.9,45,999.2,58
2021-05-29,39.6,27.3,0.4,0.4,19.2,50,1000.1,72
2021-05-30,40.3,27.6,0.2,0.2,18.9,47,999.7,48
2021-05-31,40.5,28.4,0.1,0.1,17.8,47,998.4,58
2021-06-01,40.2,28.1,0.4,0.4,20.5,53,998.8,57
2021-06-02,39.8,27.0,7.7,7.7,16.8,57,999.2,32
2021-06-03,38.5,25.9,2.8,2.8,17.6,66,1000.4,88
2021-06-04,36.6,25.3,17.7,17.7,14.8,74,1001.5,89
2021-06-05,33.7,25.3,14.0,14.0,20.0,84,1001.6,96
2021-06-06,34.3,24.8,0.4,0.4,17.8,71,1001.4,93
2021-06-07,37.1,25.7,0.4,0.4,17.3,65,1000.9,57
2021-06-08,36.9,27.0,1.9,1.9,19.2,67,1000.5,76
2021-06-09,37.7,26.7,0.0,0.0,21.2,51,999.5,63
2021-06-10,37.5,27.2,0.1,0.1,22.3,48,998.6,81
2021-06-11,38.7,27.7,0.0,0.0,25.2,45,998.8,86
2021-06-12,38.6,27.3,0.0,0.0,31.1,49,998.9,68
2021-06-13,37.3,26.1,0.0,0.0,32.7,54,999.0,94
2021-06-14,31.7,25.7,0.7,0.7,24.1,61,999.4,99
2021-06-15,37.4,26.3,0.0,0.0,25.1,51,998.4,74
2021-06-16,38.6,26.2,0.0,0.0,27.7,51,999.6,44
2021-06-17,38.0,27.6,0.2,0.2,23.9,48,1000.3,94
2021-06-18,39.3,27.4,0.0,0.0,21.4,47,1001.3,98
2021-06-19,38.1,27.1,0.0,0.0,25.6,47,1002.5,94
2021-06-20,38.4,27.1,0.0,0.0,22.3,47,1002.4,49
2021-06-21,39.2,27.0,0.4,0.4,18.2,46,1001.3,34
2021-06-22,38.1,27.7,1.5,1.5,22.8,51,1000.6,94
2021-06-23,38.1,26.6,5.2,5.2,19.8,65,1000.7,90
2021-06-24,35.7,25.2,0.6,0.6,15.9,60,1001.0,96
2021-06-25,38.6,26.4,0.0,0.0,17.3,50,999.7,56
2021-06-26,38.3,26.6,0.0,0.0,19.4,49,999.3,59
2021-06-27,33.7,26.6,0.6,0.6,16.6,58,1000.8,93
2021-06-28,38.0,26.4,0.5,0.5,18.0,57,1000.3,57
2021-06-29,36.4,26.8,0.3,0.3,17.2,67,1000.4,63
2021-06-30,38.4,26.6,0.3,0.3,18.8,63,999.8,61
2021-07-01,37.3,26.5,13.3,13.3,15.9,70,999.2,39
2021-07-02,35.7,25.4,2.1,2.1,16.6,69,999.8,49
2021-07-03,34.8,26.2,4.7,4.7,9.5,68,1000.3,70
2021-07-04,35.5,25.1,15.6,15.6,13.2,73,1000.4,62
2021-07-05,35.8,24.5,0.0,0.0,15.3,70,998.9,70
2021-07-06,36.1,26.4,0.5,0.5,14.2,66,998.4,72
2021-07-07,35.8,26.4,3.9,3.9,15.2,68,998.5,76
2021-07-08,37.3,26.2,0.0,0.0,14.6,64,998.7,43
2021-07-09,35.8,26.0,11.0,11.0,16.6,71,997.6,80
2021-07-10,32.6,26.9,0.0,0.0,29.2,62,997.5,100
2021-07-11,32.5,26.5,0.0,0.0,26.0,58,997.3,98
2021-07-12,34.5,26.8,0.0,0.0,25.9,58,997.4,98
2021-07-13,36.3,27.1,1.4,1.4,22.3,56,998.0,99
2021-07-14,35.0,26.3,0.3,0.3,22.0,57,998.8,96
2021-07-15,35.2,24.5,0.6,0.6,22.6,62,998.9,98
2021-07-16,34.6,25.2,8.6,8.6,23.1,67,1000.3,76
2021-07-17,34.9,26.0,0.8,0.8,17.6,63,1000.1,94
2021-07-18,28.3,25.3,4.8,4.8,22.8,77,1000.1,97
2021-07-19,36.9,25.2,0.0,0.0,24.6,56,999.7,60
2021-07-20,36.4,25.7,0.0,0.0,23.5,54,1001.0,82
2021-07-21,35.7,26.6,0.1,0.1,27.4,55,1000.5,98
2021-07-22,36.9,27.3,0.0,0.0,36.1,51,998.1,90
2021-07-23,35.8,27.7,0.0,0.0,28.6,53,997.8,96
2021-07-24,37.8,27.7,0.1,0.1,24.2,51,998.6,58
2021-07-25,37.6,27.2,0.9,0.9,22.9,57,999.9,81
2021-07-26,34.9,26.4,0.4,0.4,23.5,56,1000.4,59
2021-07-27,38.4,26.9,0.0,0.0,29.9,49,999.5,66
2021-07-28,39.1,27.3,0.2,0.2,24.3,50,1000.1,74
2021-07-29,38.4,27.1,0.0,0.0,26.0,47,1000.5,97
2021-07-30,38.5,26.5,0.0,0.0,19.9,48,1001.5,82
2021-07-31,38.1,26.5,0.0,0.0,19.1,49,1001.8,25
2021-08-01,37.8,26.8,0.4,0.4,18.8,50,1001.0,81
2021-08-02,38.1,27.0,0.1,0.1,24.5,46,1001.0,87
2021-08-03,38.3,27.0,0.0,0.0,21.3,49,1002.2,78
2021-08-04,37.7,27.0,0.0,0.0,22.0,51,1002.6,76
2021-08-05,38.3,27.7,0.3,0.3,24.3,49,1000.8,93
2021-08-06,38.4,27.2,1.8,1.8,21.1,59,999.8,88
2021-08-07,37.6,26.5,2.5,2.5,18.6,56,1000.3,68
2021-08-08,37.4,26.1,0.8,0.8,16.7,60,1000.9,51
2021-08-09,37.5,26.9,0.7,0.7,20.8,58,1001.2,70
2021-08-10,38.4,27.1,2.1,2.1,18.5,55,1000.7,96
2021-08-11,37.6,27.3,2.9,2.9,16.2,61,1000.9,90
2021-08-12,35.2,25.3,8.0,8.0,19.1,63,1001.7,99
2021-08-13,34.9,26.2,0.0,0.0,17.6,58,1000.4,98
2021-08-14,36.8,26.2,2.6,2.6,18.7,60,999.2,95
2021-08-15,34.7,24.3,0.4,0.4,17.3,63,999.9,100
2021-08-16,36.3,26.0,0.2,0.2,17.7,61,1000.6,95
2021-08-17,37.1,25.7,7.2,7.2,14.3,68,1001.1,89
2021-08-18,34.7,25.6,2.8,2.8,18.1,65,1000.2,98
2021-08-19,34.6,25.8,0.0,0.0,21.3,62,999.6,95
2021-08-20,35.9,26.1,0.0,0.0,12.0,67,999.8,85
2021-08-21,32.4,24.5,19.9,19.9,9.1,77,1002.0,94
2021-08-22,31.9,24.6,4.1,4.1,13.4,78,1002.0,80
2021-08-23,30.5,24.1,6.6,6.6,13.4,78,1001.9,71
2021-08-24,33.4,24.7,0.6,0.6,18.2,75,1001.3,52
2021-08-25,34.3,25.4,0.3,0.3,19.9,69,1000.3,76
2021-08-26,36.5,25.5,1.5,1.5,18.7,66,998.6,65
2021-08-27,35.6,25.5,5.5,5.5,17.0,68,998.3,92
2021-08-28,31.1,25.6,2.9,2.9,24.5,70,997.8,100
2021-08-29,32.3,24.1,2.1,2.1,27.0,70,997.5,100
2021-08-30,33.3,24.9,0.1,0.1,22.1,62,998.3,99
2021-08-31,36.4,25.4,0.6,0.6,18.5,63,999.2,75
2021-09-01,36.2,25.3,0.4,0.4,13.3,69,1000.4,84
2021-09-02,36.0,25.3,6.8,6.8,16.0,74,1000.3,97
2021-09-03,30.5,24.4,13.5,13.5,18.4,80,1000.0,94
2021-09-04,31.7,24.6,1.8,1.8,19.9,70,1000.1,98
2021-09-05,35.1,24.6,6.6,6.6,20.7,72,999.9,87
2021-09-06,33.2,24.5,1.8,1.8,20.2,67,999.6,100
2021-09-07,34.0,26.2,0.8,0.8,17.7,65,1000.1,85
2021-09-08,35.3,25.1,0.6,0.6,15.5,65,1001.2,45
2021-09-09,36.6,25.3,0.6,0.6,18.9,61,1001.7,48
2021-09-10,36.3,26.1,0.3,0.3,17.3,64,1001.1,95
2021-09-11,35.9,26.7,0.2,0.2,20.2,58,1000.1,98
2021-09-12,37.9,26.6,2.9,2.9,18.5,61,999.2,86
2021-09-13,36.5,27.3,0.0,0.0,27.3,52,998.6,91
2021-09-14,38.2,27.1,0.4,0.4,20.2,62,999.0,67
2021-09-15,37.7,26.7,0.6,0.6,19.2,65,999.7,72
2021-09-16,37.7,26.7,1.5,1.5,17.5,65,999.8,84
2021-09-17,36.3,25.8,17.2,17.2,11.3,76,999.7,76
2021-09-18,33.0,25.0,2.9,2.9,9.7,78,1001.1,97
2021-09-19,34.2,25.5,0.9,0.9,12.9,74,1002.2,87
2021-09-20,33.7,24.7,11.5,11.5,11.9,77,1001.9,47
2021-09-21,34.6,25.5,0.0,0.0,16.5,71,1000.7,32
2021-09-22,35.2,25.8,0.2,0.2,18.0,65,999.2,45
2021-09-23,34.7,25.3,7.1,7.1,10.1,73,999.5,68
2021-09-24,34.6,24.6,14.8,14.8,16.2,77,1000.2,48
2021-09-25,34.0,24.7,1.7,1.7,12.7,75,999.7,59
2021-09-26,34.2,25.0,4.5,4.5,16.6,72,998.0,98
2021-09-27,33.2,26.4,1.1,1.1,30.0,65,997.2,98
2021-09-28,34.1,25.8,0.9,0.9,19.7,64,999.3,90
2021-09-29,35.2,25.8,0.1,0.1,20.4,62,1000.6,88
2021-09-30,34.9,25.3,23.3,23.3,10.1,72,1001.4,67
2021-10-01,30.6,23.6,23.6,23.6,13.0,87,1001.4,83
2021-10-02,30.9,24.3,13.8,13.8,11.3,87,1001.0,74
2021-10-03,31.2,24.1,8.5,8.5,9.7,87,1000.7,73
2021-10-04,31.8,24.7,10.7,10.7,13.7,86,1000.2,94
2021-10-05,28.9,24.7,18.2,18.2,7.6,91,999.8,98
2021-10-06,31.7,23.9,2.4,2.4,12.6,82,999.1,73
2021-10-07,32.8,24.6,1.0,1.0,14.4,79,999.5,62
2021-10-08,31.7,25.6,6.3,6.3,11.7,78,1000.4,90
2021-10-09,28.5,24.6,11.7,11.7,17.2,85,1001.9,99
2021-10-10,32.0,25.2,15.5,15.5,16.6,78,1001.0,95
2021-10-11,31.0,24.6,20.4,20.4,17.4,86,999.9,92
2021-10-12,30.7,24.4,1.7,1.7,20.2,82,999.8,93
2021-10-13,33.2,24.5,0.0,0.0,18.2,73,999.0,92
2021-10-14,33.4,25.1,1.9,1.9,11.6,77,998.5,86
2021-10-15,33.0,24.6,0.4,0.4,12.3,80,996.2,98
2021-10-16,33.2,25.6,3.4,3.4,17.3,79,995.7,94
2021-10-17,32.1,24.9,3.6,3.6,19.2,78,997.8,100
2021-10-18,33.1,25.5,3.1,3.1,17.5,76,1000.6,99
2021-10-19,33.0,25.5,12.5,12.5,13.0,79,1002.6,89
2021-10-20,31.6,24.6,17.0,17.0,13.7,85,1004.4,93
2021-10-21,31.4,23.4,12.4,12.4,10.4,85,1004.9,86
2021-10-22,32.0,22.7,23.0,23.0,13.7,82,1005.2,91
2021-10-23,31.2,23.3,6.1,6.1,12.6,85,1006.0,92
2021-10-24,32.1,23.2,17.0,17.0,8.3,85,1005.4,96
2021-10-25,30.6,22.8,1.8,1.8,13.1,84,1004.0,68
2021-10-26,31.2,23.4,2.1,2.1,11.5,84,1003.1,98
2021-10-27,31.5,23.3,4.2,4.2,13.7,84,1003.2,72
2021-10-28,30.3,23.5,0.5,0.5,17.3,77,1003.0,98
2021-10-29,28.2,22.9,27.9,27.9,14.4,89,1003.9,100
2021-10-30,30.1,23.0,31.1,31.1,14.3,90,1005.0,100
2021-10-31,28.7,22.8,19.4,19.4,16.8,91,1004.4,100
2021-11-01,28.0,23.0,18.7,18.7,15.2,91,1003.4,100
2021-11-02,29.0,22.9,13.4,13.4,14.4,91,1003.3,99
2021-11-03,28.3,22.8,9.7,9.7,12.0,90,1003.7,100
2021-11-04,29.6,22.9,9.6,9.6,13.1,87,1003.6,100
2021-11-05,29.8,22.5,17.8,17.8,10.7,89,1003.4,99
2021-11-06,30.6,22.8,26.2,26.2,13.0,87,1001.9,100
2021-11-07,28.8,22.8,31.2,31.2,13.9,90,1001.6,100
2021-11-08,24.8,22.7,35.3,35.3,14.6,94,1002.7,100
2021-11-09,26.6,21.8,48.1,48.1,16.5,91,1003.1,100
2021-11-10,24.4,20.8,15.6,15.6,15.0,93,1001.8,100
2021-11-11,29.9,22.3,0.0,0.0,20.2,78,998.6,100
2021-11-12,30.2,23.3,0.3,0.3,14.1,80,999.5,93
2021-11-13,30.6,24.0,4.1,4.1,9.7,82,1000.9,100
2021-11-14,29.9,23.8,18.5,18.5,8.2,89,1001.2,100
2021-11-15,30.6,23.4,17.8,17.8,12.5,88,1000.1,97
2021-11-16,29.4,23.0,16.0,16.0,15.0,91,1000.5,99
2021-11-17,30.0,23.2,28.2,28.2,17.6,90,1001.9,99
2021-11-18,26.6,23.1,19.3,19.3,20.2,93,999.1,100
2021-11-19,30.9,23.8,1.7,1.7,17.3,81,997.3,61
2021-11-20,30.1,23.3,36.2,36.2,9.7,91,999.2,89
2021-11-21,30.3,23.1,2.9,2.9,10.1,85,1002.0,74
2021-11-22,30.0,22.9,10.5,10.5,13.2,90,1003.4,96
2021-11-23,28.9,23.3,8.6,8.6,14.0,89,1002.9,96
2021-11-24,29.3,23.3,0.5,0.5,15.5,86,1003.1,100
2021-11-25,28.6,23.4,24.2,24.2,23.3,91,1002.9,99
2021-11-26,25.6,23.0,20.2,20.2,15.2,94,1003.4,100
2021-11-27,25.4,22.6,39.2,39.2,17.8,93,1003.4,100
2021-11-28,27.4,22.8,12.5,12.5,13.8,93,1003.9,100
2021-11-29,26.3,21.9,24.6,24.6,12.9,92,1004.9,99
2021-11-30,28.2,21.9,6.4,6.4,12.0,88,1005.1,63
2021-12-01,29.0,22.6,1.1,1.1,13.8,87,1004.7,70
2021-12-02,29.3,23.0,2.3,2.3,15.5,84,1004.4,60
2021-12-03,29.9,22.0,0.1,0.1,9.8,80,1004.6,89
2021-12-04,29.2,22.5,1.9,1.9,6.5,86,1005.1,71
2021-12-05,30.4,22.9,4.6,4.6,10.0,86,1004.6,28
2021-12-06,30.2,22.9,17.8,17.8,10.1,87,1004.6,89
2021-12-07,30.4,23.2,0.0,0.0,12.3,81,1004.8,60
2021-12-08,29.9,22.9,1.3,1.3,14.3,85,1005.0,40
2021-12-09,28.7,23.2,2.6,2.6,12.6,87,1006.3,72
2021-12-10,30.0,22.6,0.8,0.8,17.3,81,1006.9,70
2021-12-11,27.9,22.8,2.1,2.1,17.7,85,1006.4,48
2021-12-12,27.6,22.4,2.5,2.5,21.5,86,1006.7,70
2021-12-13,28.4,22.3,2.8,2.8,17.6,85,1005.6,85
2021-12-14,27.7,22.3,3.7,3.7,18.7,87,1005.4,97
2021-12-15,28.8,22.2,0.9,0.9,20.5,79,1005.8,76
2021-12-16,28.8,23.4,0.0,0.0,20.1,73,1006.7,79
2021-12-17,29.3,21.4,0.0,0.0,16.3,73,1007.2,50
2021-12-18,29.1,20.8,0.0,0.0,17.1,74,1006.6,9
2021-12-19,28.6,20.9,0.0,0.0,16.3,72,1007.8,61
2021-12-20,28.6,19.9,0.0,0.0,19.5,72,1007.9,22
2021-12-21,29.4,19.6,0.0,0.0,11.7,78,1007.9,13
2021-12-22,29.2,19.4,0.0,0.0,11.3,77,1006.8,5
2021-12-23,29.2,17.9,0.0,0.0,10.2,77,1006.3,0
2021-12-24,29.2,16.9,0.0,0.0,9.0,77,1006.5,7
2021-12-25,29.3,16.8,0.0,0.0,13.0,77,1007.0,4
2021-12-26,29.8,18.2,0.0,0.0,13.3,76,1007.9,7
2021-12-27,30.3,18.7,0.0,0.0,13.7,76,1008.3,9
2021-12-28,29.7,19.7,0.5,0.5,15.6,77,1007.3,21
2021-12-29,30.7,20.0,0.0,0.0,12.4,76,1006.4,53
2021-12-30,29.2,21.6,2.7,2.7,17.8,84,1007.5,73
2021-12-31,27.7,21.8,4.0,4.0,18.2,86,1008.4,98
2022-01-01,27.4,22.4,12.2,12.2,18.3,88,1008.7,88
2022-01-02,29.3,21.5,0.5,0.5,20.8,81,1007.6,69
2022-01-03,29.6,21.6,0.1,0.1,17.7,78,1007.2,41
2022-01-04,28.8,20.9,0.1,0.1,19.7,78,1007.7,72
2022-01-05,29.7,19.5,0.0,0.0,11.3,76,1007.4,4
2022-01-06,29.3,20.8,0.2,0.2,15.8,81,1006.5,30
2022-01-07,29.2,20.6,0.8,0.8,13.9,82,1006.8,70
2022-01-08,29.4,21.3,0.8,0.8,14.5,80,1007.1,31
2022-01-09,29.6,20.8,0.4,0.4,13.1,80,1006.0,31
2022-01-10,30.8,19.4,0.0,0.0,13.9,80,1005.8,45
2022-01-11,30.6,21.9,1.0,1.0,15.9,83,1005.6,54
2022-01-12,30.8,21.3,0.1,0.1,13.8,82,1005.3,38
2022-01-13,30.8,21.4,0.1,0.1,12.7,82,1004.7,42
2022-01-14,30.6,22.1,0.3,0.3,10.5,83,1004.4,35
2022-01-15,31.1,21.7,0.4,0.4,12.6,80,1005.0,64
2022-01-16,29.7,22.4,2.3,2.3,18.1,80,1006.5,88
2022-01-17,28.5,22.0,0.8,0.8,17.1,79,1008.2,80
2022-01-18,29.6,20.8,0.3,0.3,16.2,75,1007.7,60
2022-01-19,30.2,20.2,0.1,0.1,13.0,74,1006.2,51
2022-01-20,30.6,18.8,0.0,0.0,9.8,73,1004.8,4
2022-01-21,30.7,19.0,0.0,0.0,11.4,77,1004.7,80
2022-01-22,33.3,20.4,0.0,0.0,13.9,73,1002.7,72
2022-01-23,32.9,21.0,0.0,0.0,16.8,72,1002.8,14
2022-01-24,30.5,21.6,1.1,1.1,12.4,81,1002.6,57
2022-01-25,31.5,21.8,0.0,0.0,13.9,73,1002.9,84
2022-01-26,29.3,21.3,0.6,0.6,11.6,79,1003.7,58
2022-01-27,31.5,21.2,0.0,0.0,17.1,73,1004.0,90
2022-01-28,30.2,20.8,0.2,0.2,19.1,73,1005.2,25
2022-01-29,28.7,23.0,1.1,1.1,21.3,76,1006.2,80
2022-01-30,29.1,22.4,4.1,4.1,15.6,83,1005.7,68
2022-01-31,31.4,21.3,0.0,0.0,13.1,78,1004.8,37
2022-02-01,31.5,20.8,0.0,0.0,13.6,76,1004.4,27
2022-02-02,31.6,18.9,0.0,0.0,14.1,75,1005.2,18
2022-02-03,30.7,17.8,0.0,0.0,13.5,75,1004.9,6
2022-02-04,32.4,19.5,0.0,0.0,14.5,74,1003.0,9
2022-02-05,32.4,20.6,0.0,0.0,14.2,74,1003.8,43
2022-02-06,31.9,21.6,0.6,0.6,15.2,74,1006.3,46
2022-02-07,32.2,21.4,0.0,0.0,17.1,72,1006.7,76
2022-02-08,31.6,20.7,0.0,0.0,16.5,70,1005.7,70
2022-02-09,31.4,20.8,0.0,0.0,19.6,70,1005.6,70
2022-02-10,31.8,19.4,0.2,0.2,15.1,71,1004.9,64
2022-02-11,28.3,23.1,21.0,21.0,17.1,86,1004.7,96
2022-02-12,28.9,22.7,2.6,2.6,16.9,81,1004.3,96
2022-02-13,29.8,22.1,0.0,0.0,16.0,74,1003.7,78
2022-02-14,29.3,21.0,1.0,1.0,16.2,79,1003.8,32
2022-02-15,30.0,20.8,0.0,0.0,16.4,72,1003.9,55
2022-02-16,30.8,20.2,0.0,0.0,15.9,72,1002.1,88
2022-02-17,30.3,20.1,0.0,0.0,14.3,73,1001.2,73
2022-02-18,31.1,20.8,0.3,0.3,15.9,73,1002.6,35
2022-02-19,30.5,21.3,1.4,1.4,15.0,74,1004.6,87
2022-02-20,32.4,21.2,0.0,0.0,13.5,72,1004.0,28
2022-02-21,33.2,21.6,0.0,0.0,12.3,75,1002.9,29
2022-02-22,32.5,21.1,0.5,0.5,14.3,75,1004.6,26
2022-02-23,32.9,21.9,0.0,0.0,20.0,73,1006.8,23
2022-02-24,31.2,21.9,0.6,0.6,16.1,72,1007.9,31
2022-02-25,32.5,21.1,0.0,0.0,17.9,70,1007.1,22
2022-02-26,31.5,20.1,0.4,0.4,13.2,74,1006.9,36
2022-02-27,31.9,22.4,0.0,0.0,17.7,71,1006.8,35
2022-02-28,32.5,21.3,0.0,0.0,13.4,71,1006.4,15
2022-03-01,34.1,21.4,0.0,0.0,18.0,67,1006.1,57
2022-03-02,33.8,20.5,0.0,0.0,20.5,66,1005.5,88
2022-03-03,32.0,22.5,0.0,0.0,20.9,70,1004.9,99
2022-03-04,32.0,23.1,1.4,1.4,21.6,68,1004.3,98
2022-03-05,32.7,23.0,0.0,0.0,19.1,64,1003.8,80
2022-03-06,30.3,23.1,1.0,1.0,21.1,69,1003.5,87
2022-03-07,29.4,20.8,2.2,2.2,19.8,80,1004.0,88
2022-03-08,32.2,22.0,0.0,0.0,10.5,75,1004.3,27
2022-03-09,33.2,21.0,0.0,0.0,12.9,77,1003.8,31
2022-03-10,33.1,19.3,0.0,0.0,12.3,77,1003.6,74
2022-03-11,32.9,19.8,0.0,0.0,14.0,75,1003.2,27
2022-03-12,32.9,20.9,0.0,0.0,15.1,72,1002.7,27
2022-03-13,33.9,19.8,0.0,0.0,17.5,71,1003.0,80
2022-03-14,34.4,21.3,0.0,0.0,17.1,68,1003.2,69
2022-03-15,34.4,20.3,0.0,0.0,12.6,69,1002.1,79
2022-03-16,34.9,20.8,0.0,0.0,10.4,68,1001.1,94
2022-03-17,36.1,21.5,0.0,0.0,10.0,64,1000.3,100
2022-03-18,35.0,21.1,0.0,0.0,10.9,69,1000.1,59
2022-03-19,34.8,23.7,0.0,0.0,14.8,70,1000.0,33
2022-03-20,36.9,23.9,0.0,0.0,14.1,63,999.7,42
2022-03-21,36.8,24.6,0.0,0.0,15.7,65,999.9,23
2022-03-22,34.4,25.1,0.6,0.6,14.2,68,1000.4,88
2022-03-23,35.1,24.8,0.3,0.3,13.4,75,1000.3,63
2022-03-24,33.3,24.3,0.5,0.5,13.5,78,1001.1,49
2022-03-25,33.1,24.5,1.5,1.5,15.3,76,1002.2,23
2022-03-26,33.5,24.9,0.3,0.3,14.5,72,1003.9,18
2022-03-27,34.7,25.0,0.3,0.3,13.5,71,1004.1,28
2022-03-28,35.3,25.1,0.2,0.2,12.8,71,1003.6,24
2022-03-29,36.1,24.3,0.0,0.0,16.6,72,1002.4,7
2022-03-30,36.7,25.1,0.1,0.1,15.6,69,1002.0,6
2022-03-31,37.1,24.8,0.0,0.0,18.4,68,1002.1,11
2022-04-01,35.6,24.9,0.0,0.0,16.6,71,1002.6,43
2022-04-02,35.6,25.0,0.0,0.0,15.8,69,1003.5,9
2022-04-03,35.2,25.1,0.2,0.2,14.4,72,1003.0,14
2022-04-04,36.2,25.0,0.1,0.1,16.0,67,1003.7,21
2022-04-05,34.7,24.4,0.5,0.5,13.6,69,1005.4,40
2022-04-06,34.7,24.3,0.3,0.3,15.9,69,1005.3,57
2022-04-07,35.5,24.6,0.0,0.0,15.8,65,1003.9,30
2022-04-08,34.0,25.3,0.7,0.7,14.0,71,1003.3,71
2022-04-09,35.0,24.9,0.5,0.5,19.5,71,1002.4,84
2022-04-10,32.2,24.5,9.6,9.6,14.1,85,1001.7,96
2022-04-11,31.2,23.8,36.9,36.9,11.4,85,1001.1,99
2022-04-12,31.8,24.0,11.2,11.2,9.5,84,1000.5,100
2022-04-13,32.1,24.2,3.6,3.6,13.1,82,1000.4,99
2022-04-14,33.7,23.6,0.3,0.3,14.7,77,1000.9,93
2022-04-15,35.2,24.5,0.4,0.4,15.0,72,1000.3,29
2022-04-16,36.0,26.1,1.2,1.2,15.9,71,999.1,33
2022-04-17,35.4,26.3,4.7,4.7,21.3,73,999.9,66
2022-04-18,34.9,25.8,11.2,11.2,14.8,71,1001.5,35
2022-04-19,35.7,25.4,0.7,0.7,16.2,68,1002.5,61
2022-04-20,35.4,24.7,0.1,0.1,13.2,72,1001.2,10
2022-04-21,35.7,25.4,0.1,0.1,16.3,73,1000.8,12
2022-04-22,35.0,24.9,1.9,1.9,16.7,74,1001.9,53
2022-04-23,34.6,24.5,0.3,0.3,14.0,73,1002.7,65
2022-04-24,36.1,25.9,0.2,0.2,13.9,68,1001.0,77
2022-04-25,36.4,24.9,0.1,0.1,13.8,70,1000.6,26
2022-04-26,36.6,25.0,0.0,0.0,12.9,71,1000.9,13
2022-04-27,37.1,24.5,0.1,0.1,18.3,69,1000.5,21
2022-04-28,37.4,25.8,0.0,0.0,18.7,68,1001.4,45
2022-04-29,38.5,26.3,0.0,0.0,19.6,67,1001.1,77
2022-04-30,40.1,25.7,0.0,0.0,17.3,62,999.3,44
2022-05-01,40.5,26.6,0.0,0.0,18.6,61,998.0,70
2022-05-02,41.2,27.5,0.0,0.0,18.2,58,997.8,44
2022-05-03,38.9,26.9,0.0,0.0,15.4,62,998.9,55
2022-05-04,38.6,26.1,8.5,8.5,16.9,66,1000.2,29
2022-05-05,38.4,24.6,0.3,0.3,15.1,64,999.7,34
2022-05-06,38.9,27.3,0.2,0.2,13.4,63,998.9,62
2022-05-07,38.7,27.1,0.0,0.0,14.8,59,998.2,48
2022-05-08,39.6,27.7,0.0,0.0,14.5,54,996.3,99
2022-05-09,37.4,28.4,0.0,0.0,17.7,55,995.0,100
2022-05-10,37.9,28.7,0.0,0.0,23.8,55,995.0,100
2022-05-11,34.7,27.7,0.0,0.0,25.7,57,996.1,100
2022-05-12,35.4,27.4,0.7,0.7,19.8,56,997.8,80
2022-05-13,36.2,26.5,1.0,1.0,18.1,62,997.8,93
2022-05-14,37.1,26.3,27.2,27.2,18.7,69,997.9,99
2022-05-15,34.8,25.5,7.3,7.3,18.2,71,998.8,99
2022-05-16,34.6,25.2,4.1,4.1,17.6,78,998.3,99
2022-05-17,34.6,25.2,0.5,0.5,22.7,75,997.0,94
2022-05-18,34.1,25.8,16.1,16.1,19.6,75,997.5,99
2022-05-19,35.2,25.8,1.7,1.7,22.5,67,999.3,67
2022-05-20,35.4,24.8,4.2,4.2,22.1,69,1000.3,71
2022-05-21,35.9,25.3,2.5,2.5,21.2,63,999.6,66
2022-05-22,36.7,26.7,0.0,0.0,29.3,58,997.9,77
2022-05-23,38.0,26.9,0.2,0.2,18.4,57,997.2,77
2022-05-24,38.4,26.6,0.0,0.0,20.4,63,999.3,60
2022-05-25,38.2,26.5,0.0,0.0,19.3,65,1000.7,72
2022-05-26,37.0,26.0,2.7,2.7,20.5,70,1001.1,22
2022-05-27,37.1,25.9,7.9,7.9,15.3,68,1000.6,31
2022-05-28,36.0,26.0,0.8,0.8,16.2,67,999.9,27
2022-05-29,36.4,26.2,0.2,0.2,15.6,65,999.8,56
2022-05-30,36.5,25.9,0.1,0.1,15.5,67,999.0,53
2022-05-31,35.8,26.3,1.2,1.2,20.2,61,998.2,92
2022-06-01,36.6,26.1,0.1,0.1,20.2,61,998.0,75
2022-06-02,37.9,26.5,0.4,0.4,25.2,62,998.1,45
2022-06-03,38.7,26.7,0.0,0.0,18.3,59,997.5,22
2022-06-04,39.3,26.5,0.0,0.0,19.7,61,997.4,68
2022-06-05,38.2,26.7,7.3,7.3,15.8,68,997.8,74
2022-06-06,35.5,26.0,1.3,1.3,18.2,71,998.8,100
2022-06-07,32.0,24.6,4.1,4.1,14.7,78,999.5,100
2022-06-08,36.9,26.2,0.1,0.1,19.2,64,998.7,64
2022-06-09,38.8,26.7,0.1,0.1,22.4,60,998.2,39
2022-06-10,37.6,26.5,1.4,1.4,20.9,65,999.4,99
2022-06-11,37.6,26.2,1.2,1.2,18.4,64,1000.2,99
2022-06-12,37.7,26.9,3.3,3.3,18.8,60,1000.1,88
2022-06-13,38.1,26.8,0.2,0.2,16.2,58,1000.3,91
2022-06-14,38.3,25.9,8.5,8.5,16.7,62,999.7,79
2022-06-15,34.6,25.3,6.4,6.4,19.0,72,999.5,91
2022-06-16,34.6,24.7,13.4,13.4,10.9,76,999.7,86
2022-06-17,31.9,24.3,5.3,5.3,11.7,80,999.8,100
2022-06-18,31.9,24.4,0.1,0.1,15.3,78,1000.0,74
2022-06-19,33.9,25.0,1.8,1.8,19.1,76,1000.1,77
2022-06-20,34.6,25.5,2.9,2.9,17.7,70,999.1,87
2022-06-21,34.2,26.0,1.0,1.0,18.3,65,998.1,100
2022-06-22,34.6,26.1,1.0,1.0,21.3,67,999.4,100
2022-06-23,34.0,25.0,0.0,0.0,15.2,69,1000.3,100
2022-06-24,35.1,25.4,0.6,0.6,18.7,66,999.5,85
2022-06-25,33.7,26.6,0.0,0.0,27.3,59,997.9,100
2022-06-26,36.8,27.0,0.0,0.0,22.8,55,998.1,99
2022-06-27,37.1,26.1,0.1,0.1,20.6,57,999.4,91
2022-06-28,36.8,26.5,0.8,0.8,17.5,57,999.3,85
2022-06-29,37.6,26.1,0.1,0.1,18.3,59,997.9,40
2022-06-30,37.6,26.3,1.1,1.1,28.5,61,997.6,76
2022-07-01,37.2,26.3,1.5,1.5,20.6,59,997.4,69
2022-07-02,36.7,26.3,4.9,4.9,19.5,60,996.9,78
2022-07-03,36.0,26.5,0.7,0.7,22.4,59,997.3,91
2022-07-04,36.4,26.7,0.2,0.2,28.2,54,997.5,100
2022-07-05,33.2,25.9,0.5,0.5,28.5,60,997.6,100
2022-07-06,33.4,25.3,0.6,0.6,24.2,63,998.9,100
2022-07-07,30.8,26.2,0.0,0.0,25.8,66,1000.9,100
2022-07-08,36.5,25.6,0.3,0.3,22.3,56,999.4,100
2022-07-09,34.2,25.9,1.7,1.7,28.1,63,998.4,100
2022-07-10,36.4,25.3,0.7,0.7,24.1,58,998.4,93
2022-07-11,34.6,26.8,0.1,0.1,27.8,56,1000.5,97
2022-07-12,36.8,26.7,0.2,0.2,29.9,52,999.9,98
2022-07-13,36.6,26.9,0.0,0.0,35.7,50,998.1,100
2022-07-14,36.7,26.5,0.5,0.5,33.1,50,997.0,96
2022-07-15,38.2,26.2,0.6,0.6,26.9,51,997.9,91
2022-07-16,37.6,26.8,0.3,0.3,19.5,55,998.9,89
2022-07-17,37.1,26.4,4.6,4.6,21.6,61,999.3,99
2022-07-18,35.5,25.7,0.3,0.3,20.1,67,999.9,99
2022-07-19,37.4,25.5,2.1,2.1,16.8,61,999.6,94
2022-07-20,36.3,25.2,4.5,4.5,14.2,68,999.8,86
2022-07-21,37.5,25.9,6.5,6.5,11.8,66,999.5,67
2022-07-22,36.2,24.8,8.5,8.5,14.9,73,999.9,100
2022-07-23,34.1,24.9,11.3,11.3,16.8,77,999.6,95
2022-07-24,34.5,24.5,1.2,1.2,15.7,70,999.7,100
2022-07-25,36.0,25.5,13.6,13.6,19.5,73,1000.3,96
2022-07-26,33.8,24.0,11.8,11.8,13.0,76,1001.2,89
2022-07-27,32.8,23.3,5.4,5.4,12.6,78,1001.0,64
2022-07-28,33.8,23.8,0.7,0.7,18.8,76,1001.1,87
2022-07-29,33.5,24.6,0.9,0.9,12.0,77,1000.9,100
2022-07-30,35.0,25.5,1.8,1.8,13.3,72,999.9,89
2022-07-31,34.9,24.6,22.0,22.0,17.3,76,998.2,86
2022-08-01,34.2,24.3,16.9,16.9,21.3,82,997.7,89
2022-08-02,34.0,24.2,1.6,1.6,19.5,77,996.5,99
2022-08-03,32.3,24.2,8.5,8.5,16.2,76,996.4,100
2022-08-04,27.4,24.5,24.8,24.8,17.6,87,997.5,100
2022-08-05,30.3,24.9,2.4,2.4,21.7,70,998.7,100
2022-08-06,33.6,26.1,0.7,0.7,28.1,62,998.1,100
2022-08-07,34.1,26.0,0.2,0.2,28.3,64,997.3,100
2022-08-08,34.4,25.6,0.4,0.4,27.2,60,997.1,99
2022-08-09,34.9,25.0,0.0,0.0,26.0,56,997.3,99
2022-08-10,35.5,24.4,0.2,0.2,28.8,55,997.6,99
2022-08-11,36.4,26.2,0.1,0.1,31.4,52,998.6,97
2022-08-12,37.5,26.2,0.0,0.0,22.8,54,999.5,92
2022-08-13,35.9,26.3,0.1,0.1,19.6,55,999.5,100
2022-08-14,37.0,26.5,0.0,0.0,17.9,53,1000.1,98
2022-08-15,37.3,26.4,0.0,0.0,17.0,57,1000.9,100
2022-08-16,35.3,25.7,1.9,1.9,16.6,67,1001.1,57
2022-08-17,36.2,25.6,3.8,3.8,16.4,69,1001.2,84
2022-08-18,35.1,25.4,8.5,8.5,13.4,75,1000.6,98
2022-08-19,31.6,24.5,11.0,11.0,18.0,79,1000.5,100
2022-08-20,34.4,24.8,3.9,3.9,13.1,71,1000.3,100
2022-08-21,35.1,25.4,0.5,0.5,14.8,70,999.9,89
2022-08-22,33.6,25.2,9.2,9.2,20.3,69,999.6,72
2022-08-23,33.7,24.0,1.1,1.1,20.2,74,999.9,94
2022-08-24,30.6,24.3,1.8,1.8,17.7,76,1001.3,77
2022-08-25,31.9,24.4,25.4,25.4,14.1,78,1000.0,94
2022-08-26,32.6,23.7,44.7,44.7,11.1,83,999.6,97
2022-08-27,32.6,23.5,24.2,24.2,15.5,84,999.6,96
2022-08-28,32.0,24.0,19.2,19.2,13.0,82,999.2,78
2022-08-29,32.7,23.3,15.3,15.3,16.3,86,999.9,72
2022-08-30,31.9,23.5,4.2,4.2,13.4,83,1000.4,85
2022-08-31,30.9,23.5,8.5,8.5,12.1,87,1000.4,99
2022-09-01,27.5,23.0,9.9,9.9,8.4,91,1000.6,100
2022-09-02,31.0,22.5,0.8,0.8,14.9,81,1001.0,64
2022-09-03,32.7,24.1,1.1,1.1,8.8,83,1000.6,75
2022-09-04,32.9,24.0,17.6,17.6,10.5,82,1000.3,52
2022-09-05,33.0,23.8,4.6,4.6,15.5,85,1000.0,59
2022-09-06,31.8,23.9,0.3,0.3,14.4,83,999.6,97
2022-09-07,31.4,24.4,2.4,2.4,20.1,78,999.9,100
2022-09-08,32.0,23.9,1.8,1.8,15.0,77,999.8,100
2022-09-09,32.7,24.9,2.8,2.8,13.5,75,999.4,93
2022-09-10,32.0,24.6,0.4,0.4,16.6,69,999.6,100
2022-09-11,33.2,24.9,0.3,0.3,16.6,72,999.5,100
2022-09-12,33.9,23.6,0.2,0.2,16.5,73,999.5,97
2022-09-13,33.4,24.0,0.1,0.1,14.6,74,1001.3,26
2022-09-14,33.0,24.4,1.4,1.4,13.9,79,1003.3,64
2022-09-15,34.9,24.0,0.0,0.0,15.2,75,1003.6,30
2022-09-16,34.1,24.9,0.0,0.0,18.4,70,1001.7,77
2022-09-17,34.8,24.3,0.0,0.0,15.3,71,1001.4,80
2022-09-18,35.5,25.2,0.4,0.4,12.2,69,1001.7,84
2022-09-19,35.3,24.7,0.0,0.0,14.8,65,1001.3,100
2022-09-20,35.6,25.9,0.0,0.0,15.5,64,1000.9,75
2022-09-21,35.9,25.2,0.0,0.0,20.7,62,1000.9,30
2022-09-22,36.3,25.0,0.0,0.0,19.2,61,1001.2,34
2022-09-23,36.0,24.9,0.1,0.1,15.9,61,1001.7,50
2022-09-24,36.2,26.0,0.1,0.1,14.9,58,1001.3,74
2022-09-25,36.0,25.1,0.3,0.3,16.1,64,1000.2,50
2022-09-26,33.7,23.2,26.6,26.6,14.8,74,1001.6,65
2022-09-27,34.5,24.2,3.3,3.3,14.2,73,1000.3,89
2022-09-28,34.7,23.9,1.6,1.6,14.5,73,999.5,83
2022-09-29,33.9,23.1,0.8,0.8,16.6,70,999.1,97
2022-09-30,34.1,24.9,0.0,0.0,15.8,69,999.9,99
2022-10-01,31.2,24.0,3.9,3.9,20.9,67,1000.6,100
2022-10-02,35.1,25.3,1.2,1.2,18.7,66,999.7,98
2022-10-03,34.2,25.0,1.0,1.0,19.1,70,999.4,100
2022-10-04,35.4,25.4,0.1,0.1,17.1,62,999.0,100
2022-10-05,33.8,24.9,5.8,5.8,18.4,69,999.4,100
2022-10-06,32.9,23.6,20.8,20.8,21.2,78,999.7,99
2022-10-07,32.2,24.3,0.3,0.3,13.6,74,1000.4,99
2022-10-08,30.3,24.3,4.6,4.6,10.0,80,1001.3,94
2022-10-09,30.0,23.5,28.1,28.1,7.9,90,1002.1,95
2022-10-10,30.4,23.0,18.0,18.0,11.1,87,1003.0,98
2022-10-11,30.8,23.5,4.4,4.4,12.0,85,1002.9,53
2022-10-12,30.9,23.7,5.4,5.4,11.2,85,1003.0,65
2022-10-13,31.3,22.9,6.1,6.1,12.0,83,1002.8,54
2022-10-14,32.0,23.7,17.6,17.6,11.2,83,1001.8,93
2022-10-15,31.3,22.9,19.0,19.0,12.5,85,1001.1,67
2022-10-16,30.4,22.7,13.4,13.4,15.9,86,1002.9,72
2022-10-17,29.1,23.9,10.4,10.4,9.7,87,1004.6,100
2022-10-18,32.0,23.6,7.3,7.3,9.9,87,1004.1,89
2022-10-19,31.7,23.0,14.8,14.8,9.7,84,1003.3,95
2022-10-20,30.8,22.9,6.3,6.3,15.9,88,1003.9,99
2022-10-21,28.8,23.2,12.8,12.8,15.8,89,1005.2,100
2022-10-22,30.7,23.0,1.7,1.7,16.5,84,1005.1,95
2022-10-23,32.0,22.9,0.2,0.2,13.8,79,1004.3,72
2022-10-24,32.2,22.8,0.0,0.0,9.0,74,1003.0,39
2022-10-25,32.5,22.7,0.0,0.0,8.4,76,1003.5,11
2022-10-26,31.5,21.6,0.2,0.2,11.3,74,1005.0,14
2022-10-27,32.6,20.8,0.0,0.0,13.8,69,1004.6,24
2022-10-28,31.8,22.9,0.1,0.1,14.8,76,1003.4,31
2022-10-29,29.9,22.7,12.4,12.4,17.1,86,1003.7,82
2022-10-30,30.5,22.8,3.8,3.8,18.4,78,1003.6,85
2022-10-31,29.9,23.2,0.6,0.6,22.9,79,1003.2,100
2022-11-01,24.6,22.6,18.1,18.1,13.6,93,1004.0,100
2022-11-02,28.7,22.0,10.4,10.4,15.6,85,1003.7,96
2022-11-03,28.5,22.4,40.0,40.0,12.3,91,1003.6,100
2022-11-04,29.5,22.4,21.0,21.0,17.3,90,1004.9,97
2022-11-05,29.8,22.7,2.5,2.5,14.8,86,1006.3,85
2022-11-06,28.0,22.8,5.9,5.9,17.4,90,1006.7,100
2022-11-07,29.5,21.9,1.1,1.1,16.4,84,1006.0,86
2022-11-08,27.9,23.0,7.0,7.0,15.2,88,1005.5,99
2022-11-09,30.1,22.8,2.4,2.4,16.9,84,1004.9,93
2022-11-10,29.9,22.7,6.0,6.0,20.1,80,1004.3,78
2022-11-11,24.4,22.5,71.3,71.3,17.9,92,1003.4,100
2022-11-12,27.8,22.3,14.5,14.5,14.3,90,1003.5,85
2022-11-13,27.9,22.8,5.4,5.4,14.1,92,1004.9,93
2022-11-14,30.1,22.6,1.6,1.6,15.3,85,1005.5,94
2022-11-15,28.9,21.7,1.3,1.3,13.6,88,1006.1,72
2022-11-16,30.0,22.1,0.0,0.0,12.8,79,1004.8,29
2022-11-17,29.4,21.1,0.0,0.0,15.7,77,1004.3,83
2022-11-18,29.1,20.5,0.0,0.0,18.3,74,1004.5,82
2022-11-19,28.7,20.6,0.0,0.0,18.8,74,1004.2,99
2022-11-20,29.0,20.2,0.0,0.0,15.1,70,1002.8,100
2022-11-21,29.8,19.0,0.0,0.0,11.0,71,1002.4,51
2022-11-22,30.7,20.0,0.0,0.0,9.4,78,1002.4,38
2022-11-23,31.4,22.2,0.0,0.0,12.9,78,1003.0,84
2022-11-24,31.0,22.3,0.3,0.3,10.7,79,1003.8,97
2022-11-25,29.5,21.0,1.5,1.5,11.6,84,1004.9,72
2022-11-26,28.4,21.9,6.5,6.5,12.9,89,1004.2,82
2022-11-27,30.1,21.8,11.4,11.4,13.3,87,1002.6,93
2022-11-28,29.7,22.0,1.3,1.3,10.9,87,1003.1,46
2022-11-29,30.3,22.0,0.6,0.6,14.2,79,1004.0,57
2022-11-30,30.4,20.5,0.0,0.0,10.8,77,1004.8,51
2022-12-01,29.7,23.2,1.8,1.8,13.6,82,1004.4,55
2022-12-02,30.1,22.9,0.9,0.9,13.3,85,1003.6,70
2022-12-03,28.8,23.2,3.5,3.5,16.0,88,1004.0,90
2022-12-04,27.4,22.3,43.5,43.5,14.8,90,1004.9,89
2022-12-05,30.3,22.3,0.1,0.1,16.8,82,1005.2,78
2022-12-06,29.4,22.5,0.2,0.2,16.8,81,1004.4,98
2022-12-07,27.5,22.7,0.0,0.0,16.6,76,1003.1,100
2022-12-08,27.0,19.9,24.0,24.0,18.2,75,1001.5,100
2022-12-09,25.0,19.9,18.8,18.8,27.4,75,998.7,96
2022-12-10,29.0,22.3,0.6,0.6,18.4,75,998.9,68
2022-12-11,29.3,21.5,16.9,16.9,7.4,88,1001.3,80
2022-12-12,27.3,22.0,26.7,26.7,7.6,91,1002.6,95
2022-12-13,27.7,22.0,11.3,11.3,11.2,92,1004.2,81
2022-12-14,30.1,21.1,0.0,0.0,12.6,84,1005.0,56
2022-12-15,29.3,21.3,0.1,0.1,14.1,81,1004.7,51
2022-12-16,29.4,19.9,0.0,0.0,15.5,81,1004.0,29
2022-12-17,29.2,21.1,0.2,0.2,18.6,83,1004.4,79
2022-12-18,28.4,22.0,1.0,1.0,20.6,82,1003.7,84
2022-12-19,28.4,21.2,0.3,0.3,20.0,81,1003.1,97
2022-12-20,28.7,23.1,0.8,0.8,21.1,78,1002.5,96
2022-12-21,27.4,22.3,1.9,1.9,20.8,81,1002.8,95
2022-12-22,28.8,21.9,0.1,0.1,23.5,74,1003.0,98
2022-12-23,30.0,21.9,0.0,0.0,17.4,74,1002.8,83
2022-12-24,29.6,21.8,0.0,0.0,19.6,70,1003.3,78
2022-12-25,27.3,22.8,8.4,8.4,22.3,86,1003.6,98
2022-12-26,28.2,22.3,6.3,6.3,15.5,88,1005.6,75
2022-12-27,28.4,23.0,3.6,3.6,12.0,87,1007.4,57
2022-12-28,30.7,22.1,0.4,0.4,13.8,82,1008.3,39
2022-12-29,30.4,20.7,0.0,0.0,11.3,83,1009.4,51
2022-12-30,29.8,20.2,0.4,0.4,12.0,83,1010.3,50
2022-12-31,29.6,19.9,0.1,0.1,9.4,83,1009.8,47
2023-01-01,29.5,18.8,0.0,0.0,10.8,82,1008.9,72
2023-01-02,29.6,18.9,0.1,0.1,13.2,80,1008.9,50
2023-01-03,28.5,19.6,1.3,1.3,16.6,81,1008.9,15
2023-01-04,29.3,20.4,0.4,0.4,16.8,79,1008.0,40
2023-01-05,28.4,20.2,1.2,1.2,18.1,79,1007.9,18
2023-01-06,29.7,22.0,0.0,0.0,22.3,75,1008.8,58
2023-01-07,29.6,21.9,0.1,0.1,20.2,76,1008.3,43
2023-01-08,28.4,21.2,1.7,1.7,17.4,79,1007.9,29
2023-01-09,28.4,20.0,0.0,0.0,16.8,73,1008.9,17
2023-01-10,27.8,18.1,0.0,0.0,19.1,72,1008.5,37
2023-01-11,28.8,18.2,0.0,0.0,15.3,73,1006.9,12
2023-01-12,29.0,18.5,0.0,0.0,13.6,76,1006.0,47
2023-01-13,29.4,17.5,0.0,0.0,11.9,75,1006.3,94
2023-01-14,29.0,18.0,0.0,0.0,10.9,75,1006.2,62
2023-01-15,29.0,16.9,0.0,0.0,12.3,74,1005.6,48
2023-01-16,29.2,16.4,0.0,0.0,12.6,77,1006.1,42
2023-01-17,28.9,18.6,0.0,0.0,13.5,76,1006.9,64
2023-01-18,29.6,18.1,0.0,0.0,16.2,73,1008.0,75
2023-01-19,29.6,17.9,0.0,0.0,17.9,70,1008.0,37
2023-01-20,29.1,18.7,0.0,0.0,14.9,71,1007.4,72
2023-01-21,30.3,19.3,0.1,0.1,17.4,75,1006.5,73
2023-01-22,29.3,21.0,0.4,0.4,17.6,76,1005.9,88
2023-01-23,27.3,21.1,0.4,0.4,16.6,80,1005.0,85
2023-01-24,31.0,21.2,0.4,0.4,18.1,76,1005.2,74
2023-01-25,29.1,19.1,0.0,0.0,16.1,76,1005.5,58
2023-01-26,29.8,19.2,0.2,0.2,13.5,74,1005.4,70
2023-01-27,30.0,19.2,0.0,0.0,14.0,74,1005.4,43
2023-01-28,30.2,18.9,0.0,0.0,18.4,73,1004.7,57
2023-01-29,28.4,19.8,1.4,1.4,20.3,79,1003.7,85
2023-01-30,29.6,21.3,0.7,0.7,18.2,81,1004.4,90
2023-01-31,30.2,22.0,0.0,0.0,19.9,77,1003.9,100
2023-02-01,28.2,23.4,2.1,2.1,22.3,77,1003.4,100
2023-02-02,25.6,22.6,23.6,23.6,19.2,91,1004.0,100
2023-02-03,27.2,22.3,15.8,15.8,17.6,89,1004.8,94
2023-02-04,29.9,21.5,1.1,1.1,18.1,80,1004.6,62
2023-02-05,29.9,19.9,0.0,0.0,14.8,80,1004.5,58
2023-02-06,30.2,20.1,0.0,0.0,13.5,82,1004.9,97
2023-02-07,30.7,19.6,0.0,0.0,11.4,82,1004.7,49
2023-02-08,30.9,19.9,0.0,0.0,10.7,79,1004.8,80
2023-02-09,30.3,19.8,0.0,0.0,10.5,79,1005.5,91
2023-02-10,30.6,18.6,0.0,0.0,11.7,76,1006.5,83
2023-02-11,30.0,17.5,0.0,0.0,12.5,77,1006.8,83
2023-02-12,30.8,16.9,0.0,0.0,12.4,76,1006.8,55
2023-02-13,31.4,16.7,0.0,0.0,13.5,77,1006.8,24
2023-02-14,30.7,16.9,0.0,0.0,10.5,77,1006.7,32
2023-02-15,31.1,17.0,0.0,0.0,14.3,73,1005.2,9
2023-02-16,31.2,17.3,0.0,0.0,17.3,78,1005.4,20
2023-02-17,31.3,18.0,0.1,0.1,12.4,73,1006.1,19
2023-02-18,31.9,17.2,0.0,0.0,14.8,76,1006.2,13
2023-02-19,32.4,20.3,0.0,0.0,15.5,75,1006.2,43
2023-02-20,32.0,20.2,0.0,0.0,16.3,74,1006.4,58
2023-02-21,32.3,18.8,0.0,0.0,16.3,68,1006.6,32
2023-02-22,32.4,18.1,0.0,0.0,17.2,67,1006.1,0
2023-02-23,31.8,18.4,0.0,0.0,14.5,71,1005.9,40
2023-02-24,32.4,19.8,0.2,0.2,12.6,73,1006.5,28
2023-02-25,33.5,19.9,0.0,0.0,16.1,70,1008.0,4
2023-02-26,32.2,17.9,0.0,0.0,18.2,72,1009.1,28
2023-02-27,33.1,19.5,0.0,0.0,16.6,69,1009.1,6
2023-02-28,31.2,22.3,5.6,5.6,19.7,75,1008.7,47
2023-03-01,33.0,23.2,0.3,0.3,19.2,70,1008.7,52
2023-03-02,32.9,20.8,0.0,0.0,16.7,66,1009.2,72
2023-03-03,33.2,19.5,0.0,0.0,18.0,64,1009.5,10
2023-03-04,33.8,21.6,0.0,0.0,18.8,68,1009.4,14
2023-03-05,34.0,22.3,0.0,0.0,16.7,73,1008.6,72
2023-03-06,34.1,22.2,0.0,0.0,12.8,68,1007.5,34
2023-03-07,33.7,21.0,0.0,0.0,15.9,71,1006.8,30
2023-03-08,31.6,22.2,0.8,0.8,19.0,74,1006.8,27
2023-03-09,33.4,22.1,0.9,0.9,19.2,70,1006.0,33
2023-03-10,32.8,22.8,0.0,0.0,16.9,72,1005.6,91
2023-03-11,32.4,22.5,0.0,0.0,15.3,73,1005.8,37
2023-03-12,34.0,22.6,0.0,0.0,20.9,72,1005.5,27
2023-03-13,34.7,23.5,0.0,0.0,18.4,65,1004.6,29
2023-03-14,35.2,21.9,0.0,0.0,15.1,69,1003.3,38
2023-03-15,33.8,21.4,0.3,0.3,14.8,75,1002.9,37
2023-03-16,34.4,23.1,0.3,0.3,15.3,73,1003.6,22
2023-03-17,34.1,23.9,2.4,2.4,17.1,73,1003.6,39
2023-03-18,33.2,23.9,1.1,1.1,15.1,75,1003.0,64
2023-03-19,34.3,22.8,20.9,20.9,18.3,76,1002.1,88
2023-03-20,33.5,22.5,11.2,11.2,15.3,79,1002.0,84
2023-03-21,33.6,23.4,6.9,6.9,16.2,78,1001.6,66
2023-03-22,34.3,22.2,6.5,6.5,13.2,75,1002.1,88
2023-03-23,34.4,24.6,5.1,5.1,17.2,77,1002.5,97
2023-03-24,34.6,24.6,0.9,0.9,12.6,75,1002.7,79
2023-03-25,34.2,22.9,0.0,0.0,12.9,73,1003.8,100
2023-03-26,34.4,24.1,1.5,1.5,12.0,75,1003.2,90
2023-03-27,35.8,24.1,0.0,0.0,11.2,66,1002.4,60
2023-03-28,34.8,25.7,1.0,1.0,17.8,74,1002.8,66
2023-03-29,36.1,23.8,0.0,0.0,14.1,69,1003.7,67
2023-03-30,36.0,23.0,0.0,0.0,17.1,67,1003.2,57
2023-03-31,37.1,22.5,0.0,0.0,13.8,64,1002.1,33
2023-04-01,35.8,25.1,1.0,1.0,14.0,68,1002.5,21
2023-04-02,36.0,24.4,0.5,0.5,13.7,70,1002.2,24
2023-04-03,35.4,25.8,1.6,1.6,17.9,69,1002.0,34
2023-04-04,35.0,25.0,0.7,0.7,15.3,70,1003.2,39
2023-04-05,37.2,24.2,0.1,0.1,15.0,69,1002.6,44
2023-04-06,37.5,24.5,0.3,0.3,14.7,67,1002.9,20
2023-04-07,36.4,24.1,0.2,0.2,17.2,65,1004.3,32
2023-04-08,36.4,22.2,0.3,0.3,19.9,64,1006.2,38
2023-04-09,35.7,24.0,0.2,0.2,15.8,67,1006.1,29
2023-04-10,37.1,24.0,0.0,0.0,17.3,65,1004.8,21
2023-04-11,37.9,24.1,0.0,0.0,17.1,62,1004.8,30
2023-04-12,37.7,22.5,0.0,0.0,15.9,64,1004.3,16
2023-04-13,38.5,21.2,0.0,0.0,17.1,64,1003.8,20
2023-04-14,39.0,23.1,0.0,0.0,13.0,59,1003.5,46
2023-04-15,38.6,24.0,0.0,0.0,13.2,56,1002.8,86
2023-04-16,38.6,24.5,0.0,0.0,12.3,59,1001.7,22
2023-04-17,38.7,24.9,0.0,0.0,15.8,58,1001.9,2
2023-04-18,38.8,24.7,0.0,0.0,15.0,61,1002.9,22
2023-04-19,39.4,24.3,0.0,0.0,16.2,62,1001.2,16
2023-04-20,40.0,25.7,0.0,0.0,17.2,61,999.1,6
2023-04-21,39.9,26.5,0.4,0.4,17.8,64,999.0,14
2023-04-22,38.8,26.7,0.2,0.2,17.4,65,999.2,29
2023-04-23,38.5,25.0,11.8,11.8,16.6,66,999.8,77
2023-04-24,36.2,24.4,0.5,0.5,13.7,71,1001.6,75
2023-04-25,33.8,25.4,2.9,2.9,12.1,75,1002.5,99
2023-04-26,33.1,25.0,3.3,3.3,12.2,77,1002.3,90
2023-04-27,34.2,24.4,6.0,6.0,11.5,78,1002.2,87
2023-04-28,34.7,25.2,0.9,0.9,18.5,73,1002.5,87
2023-04-29,33.1,25.6,4.4,4.4,16.1,77,1002.3,86
2023-04-30,35.0,24.8,0.7,0.7,17.8,73,1000.7,85
2023-05-01,32.8,24.5,19.9,19.9,15.6,84,1000.8,100
2023-05-02,30.6,24.1,5.8,5.8,10.4,82,1001.8,99
2023-05-03,32.7,24.4,12.0,12.0,12.6,83,1002.1,94
2023-05-04,33.2,24.6,14.5,14.5,12.2,83,1001.6,100
2023-05-05,31.4,24.0,8.3,8.3,12.0,83,1001.0,100
2023-05-06,32.9,24.8,8.8,8.8,9.4,80,1000.6,100
2023-05-07,30.6,24.2,18.3,18.3,11.8,85,1000.5,100
2023-05-08,33.1,24.1,1.1,1.1,10.9,78,999.6,84
2023-05-09,35.0,25.1,0.6,0.6,17.8,74,999.7,94
2023-05-10,34.8,25.3,0.2,0.2,18.9,75,999.2,92
2023-05-11,36.2,25.6,0.0,0.0,15.3,73,1000.0,100
2023-05-12,36.3,27.3,0.0,0.0,18.0,68,1000.5,100
2023-05-13,36.6,27.1,0.0,0.0,16.5,68,1001.2,100
2023-05-14,38.7,27.3,0.0,0.0,20.5,68,999.8,100
2023-05-15,38.7,26.7,0.0,0.0,15.9,67,1000.3,93
2023-05-16,39.3,26.2,0.0,0.0,16.2,66,1001.4,76
2023-05-17,39.0,26.6,0.0,0.0,15.6,67,1002.1,67
2023-05-18,38.5,27.5,0.0,0.0,16.5,69,1003.2,69
2023-05-19,37.6,27.0,0.7,0.7,14.1,66,1002.2,36
2023-05-20,39.0,26.9,0.3,0.3,18.8,67,1001.5,13
2023-05-21,38.1,26.8,0.2,0.2,18.5,70,1002.3,14
2023-05-22,38.3,26.2,1.1,1.1,19.9,67,1003.4,16
2023-05-23,39.4,25.3,0.1,0.1,18.8,63,1003.5,19
2023-05-24,39.8,27.3,0.5,0.5,17.1,61,1003.0,20
2023-05-25,40.4,27.8,0.8,0.8,20.9,56,1003.1,22
2023-05-26,39.6,28.2,5.7,5.7,18.4,56,1003.3,35
2023-05-27,38.4,27.4,0.7,0.7,16.6,57,1001.4,42
2023-05-28,39.3,28.0,0.1,0.1,11.7,58,1000.6,96
2023-05-29,38.6,27.7,0.5,0.5,17.8,65,1001.1,59
2023-05-30,39.2,24.5,2.6,2.6,19.2,66,1001.6,90
2023-05-31,38.2,24.4,0.2,0.2,15.9,67,1001.2,72
2023-06-01,38.8,26.6,0.2,0.2,16.8,64,1000.5,90
2023-06-02,39.8,28.1,1.3,1.3,17.4,54,1000.3,86
2023-06-03,40.4,27.8,0.0,0.0,18.7,57,1000.1,84
2023-06-04,39.5,29.0,0.4,0.4,19.6,57,1000.3,74
2023-06-05,39.7,27.5,4.8,4.8,19.4,61,1000.0,55
2023-06-06,39.5,27.1,0.0,0.0,19.4,59,999.3,89
2023-06-07,38.6,28.5,4.9,4.9,19.1,60,999.4,70
2023-06-08,39.2,27.6,0.0,0.0,20.2,56,999.6,90
2023-06-09,39.1,27.7,0.0,0.0,21.7,52,998.4,92
2023-06-10,39.1,28.1,0.0,0.0,23.4,49,998.4,90
2023-06-11,39.6,28.1,0.3,0.3,24.4,52,998.3,59
2023-06-12,38.7,27.1,7.0,7.0,22.1,60,998.6,84
2023-06-13,37.8,27.4,3.4,3.4,19.1,61,999.2,93
2023-06-14,37.8,27.4,0.3,0.3,19.6,53,1000.4,87
2023-06-15,39.5,27.8,0.0,0.0,18.3,51,1000.0,78
2023-06-16,40.3,28.7,0.0,0.0,18.7,50,999.1,78
2023-06-17,38.6,27.5,0.0,0.0,20.9,57,999.7,100
2023-06-18,29.3,26.1,11.4,11.4,18.0,79,1000.4,100
2023-06-19,31.9,25.4,4.0,4.0,11.8,82,999.7,100
2023-06-20,34.6,25.8,0.4,0.4,14.5,74,998.6,99
2023-06-21,33.6,25.4,5.3,5.3,14.5,82,999.5,100
2023-06-22,35.8,26.1,0.0,0.0,14.8,68,999.4,99
2023-06-23,36.7,26.8,0.8,0.8,17.6,64,999.5,100
2023-06-24,38.2,26.9,1.3,1.3,20.2,61,999.1,82
2023-06-25,37.2,26.6,1.0,1.0,19.5,62,999.1,99
2023-06-26,36.7,26.8,0.0,0.0,20.6,59,999.7,100
2023-06-27,37.7,26.7,16.5,16.5,19.6,61,1000.4,99
2023-06-28,37.0,26.4,0.2,0.2,18.8,59,1001.3,66
2023-06-29,38.6,27.0,12.4,12.4,25.6,64,1001.7,70
2023-06-30,37.9,27.0,0.0,0.0,20.0,58,1001.2,56
2023-07-01,36.6,27.4,1.8,1.8,15.5,57,1001.4,94
2023-07-02,35.3,27.7,9.7,9.7,24.4,64,1000.6,100
2023-07-03,35.1,27.1,0.6,0.6,20.5,60,999.5,100
2023-07-04,33.5,25.2,3.5,3.5,31.2,64,998.3,100
2023-07-05,31.2,24.6,5.1,5.1,30.3,73,997.8,100
2023-07-06,32.0,24.8,3.0,3.0,28.8,71,1000.1,100
2023-07-07,33.5,26.5,0.1,0.1,18.4,60,1001.8,100
2023-07-08,36.0,27.4,1.5,1.5,15.8,60,1002.2,94
2023-07-09,37.6,26.8,0.0,0.0,18.7,58,1000.9,95
2023-07-10,35.2,26.7,0.8,0.8,15.1,66,1000.9,100
2023-07-11,32.6,25.7,0.9,0.9,16.3,76,1000.6,100
2023-07-12,36.4,25.6,0.4,0.4,16.9,68,1000.2,100
2023-07-13,36.0,25.8,0.9,0.9,17.9,68,1000.7,96
2023-07-14,37.1,25.9,0.7,0.7,18.8,61,1001.4,66
2023-07-15,37.5,26.6,0.3,0.3,18.5,56,1001.0,89
2023-07-16,38.0,27.4,0.2,0.2,15.7,53,1000.4,98
2023-07-17,38.8,27.2,0.4,0.4,21.7,55,999.8,83
2023-07-18,37.9,27.8,0.0,0.0,30.6,49,999.4,98
2023-07-19,37.2,27.6,0.2,0.2,33.8,51,998.6,91
2023-07-20,37.6,27.4,0.0,0.0,36.4,48,998.1,86
2023-07-21,37.3,27.2,0.0,0.0,27.8,51,999.1,85
2023-07-22,34.4,27.1,0.3,0.3,27.0,54,1000.8,98
2023-07-23,37.0,27.0,7.3,7.3,22.7,60,1000.9,99
2023-07-24,35.0,25.6,2.3,2.3,29.2,61,1000.5,100
2023-07-25,33.8,24.6,0.9,0.9,21.0,67,1000.7,100
2023-07-26,36.1,24.9,2.1,2.1,21.6,63,1001.6,100
2023-07-27,38.1,27.0,0.2,0.2,18.1,51,1001.7,63
2023-07-28,39.0,26.8,0.9,0.9,21.9,54,1001.1,50
2023-07-29,38.2,27.0,0.5,0.5,23.5,49,1000.7,60
2023-07-30,38.7,27.1,0.4,0.4,23.2,49,1000.2,72
2023-07-31,39.2,27.3,0.0,0.0,19.4,50,999.9,98
2023-08-01,39.2,27.5,0.1,0.1,23.0,51,1000.3,100
2023-08-02,39.2,27.3,0.0,0.0,26.3,45,1001.1,100
2023-08-03,39.2,26.6,0.0,0.0,23.4,52,1000.7,57
2023-08-04,40.0,27.1,0.6,0.6,20.0,51,1002.4,55
2023-08-05,39.6,28.0,0.2,0.2,17.7,47,1003.3,52
2023-08-06,40.4,28.6,0.4,0.4,16.7,47,1002.4,74
2023-08-07,40.0,28.1,0.6,0.6,16.9,53,1000.7,96
2023-08-08,39.2,27.6,0.5,0.5,21.7,55,1001.0,97
2023-08-09,37.3,26.3,6.7,6.7,20.2,60,1002.3,98
2023-08-10,34.9,25.8,6.3,6.3,15.2,75,1003.4,98
2023-08-11,34.1,24.8,27.4,27.4,12.2,76,1002.7,82
2023-08-12,35.1,24.9,9.5,9.5,14.6,79,1002.0,82
2023-08-13,36.0,25.6,0.0,0.0,17.0,69,1001.3,99
2023-08-14,35.5,26.2,0.4,0.4,17.3,68,1001.9,75
2023-08-15,35.9,25.9,0.9,0.9,18.3,68,1002.3,58
2023-08-16,36.4,25.9,0.2,0.2,19.0,64,1002.4,52
2023-08-17,38.3,25.3,0.0,0.0,21.6,63,1001.6,85
2023-08-18,37.6,26.7,0.0,0.0,17.3,57,1000.6,100
2023-08-19,38.1,27.1,0.0,0.0,19.4,48,1000.1,83
2023-08-20,37.8,27.3,0.1,0.1,17.5,53,1000.1,43
2023-08-21,37.4,26.4,3.2,3.2,15.9,59,999.9,74
2023-08-22,37.1,26.4,9.4,9.4,14.1,66,1000.2,41
2023-08-23,37.2,24.7,5.3,5.3,17.9,68,1000.4,65
2023-08-24,38.3,27.0,0.3,0.3,18.4,61,1000.1,85
2023-08-25,38.2,25.6,0.1,0.1,17.8,61,1000.4,88
2023-08-26,37.7,25.8,0.2,0.2,19.2,63,1001.3,66
2023-08-27,37.3,25.8,0.0,0.0,15.9,62,1001.9,60
2023-08-28,37.0,26.4,0.8,0.8,16.4,63,1001.4,81
2023-08-29,34.9,25.3,24.2,24.2,13.3,72,1001.0,93
2023-08-30,34.9,25.3,2.6,2.6,16.0,73,1001.2,79
2023-08-31,34.6,24.8,24.4,24.4,13.5,78,1001.2,75
2023-09-01,34.7,25.0,1.1,1.1,13.7,76,1001.3,46
2023-09-02,34.2,25.7,11.0,11.0,14.8,76,1001.0,62
2023-09-03,34.3,25.7,1.2,1.2,16.3,73,999.9,80
2023-09-04,34.9,26.3,4.6,4.6,19.5,63,998.3,100
2023-09-05,33.7,26.9,0.2,0.2,19.0,64,998.5,98
2023-09-06,34.2,26.2,10.3,10.3,17.4,69,999.7,100
2023-09-07,33.8,25.8,16.6,16.6,15.6,75,1000.6,98
2023-09-08,34.8,25.8,0.0,0.0,19.0,68,1001.4,84
2023-09-09,36.8,26.3,0.5,0.5,20.5,67,1000.6,69
2023-09-10,35.3,26.5,1.0,1.0,19.2,69,1000.0,83
2023-09-11,36.0,26.9,0.7,0.7,19.9,66,1000.1,94
2023-09-12,35.1,26.5,3.6,3.6,19.6,67,1000.6,100
2023-09-13,35.7,25.9,0.2,0.2,18.2,69,1000.5,100
2023-09-14,36.5,26.3,1.8,1.8,18.8,66,1000.8,89
2023-09-15,35.6,25.4,5.4,5.4,15.5,74,1001.6,67
2023-09-16,34.0,25.6,0.3,0.3,16.6,70,1001.6,67
2023-09-17,34.0,25.8,15.8,15.8,14.5,72,1001.0,85
2023-09-18,33.4,24.7,24.5,24.5,14.6,83,1001.3,100
2023-09-19,33.8,24.6,15.4,15.4,14.0,83,1002.2,100
2023-09-20,34.9,24.2,0.0,0.0,14.5,74,1002.0,97
2023-09-21,35.2,24.6,3.0,3.0,16.7,77,1002.2,86
2023-09-22,33.8,24.0,1.6,1.6,16.3,77,1002.1,84
2023-09-23,34.4,25.3,16.4,16.4,15.5,75,1002.0,52
2023-09-24,35.3,25.0,2.3,2.3,20.6,71,1001.8,85
2023-09-25,33.9,26.2,0.1,0.1,14.2,66,1000.9,90
2023-09-26,34.4,24.8,1.5,1.5,12.0,68,1000.7,87
2023-09-27,36.8,26.2,7.2,7.2,15.8,71,1000.6,88
2023-09-28,34.8,25.5,7.0,7.0,14.1,75,1000.7,93
2023-09-29,33.1,24.8,7.9,7.9,15.6,74,1001.4,72
2023-09-30,34.1,24.9,8.2,8.2,16.5,75,1002.0,59
2023-10-01,32.9,25.9,0.8,0.8,15.5,72,1001.9,79
2023-10-02,33.8,25.2,0.3,0.3,18.9,73,1002.3,55
2023-10-03,35.3,25.8,0.0,0.0,19.1,69,1002.4,38
2023-10-04,35.2,25.0,0.9,0.9,19.1,72,1002.7,56
2023-10-05,36.0,25.4,0.2,0.2,15.8,69,1002.0,23
2023-10-06,36.3,26.0,0.2,0.2,14.2,64,1001.4,72
2023-10-07,36.1,26.0,0.7,0.7,17.7,76,1001.8,47
2023-10-08,35.3,25.2,1.9,1.9,15.0,76,1003.4,48
2023-10-09,35.5,25.2,5.3,5.3,15.1,74,1004.8,73
2023-10-10,35.4,25.0,0.7,0.7,16.0,73,1004.1,57
2023-10-11,34.9,24.4,13.9,13.9,15.6,78,1003.9,100
2023-10-12,33.8,24.1,12.2,12.2,20.5,83,1004.7,97
2023-10-13,33.3,23.3,1.8,1.8,14.9,76,1005.4,88
2023-10-14,32.6,23.9,10.9,10.9,13.1,82,1005.6,100
2023-10-15,33.1,23.5,40.0,40.0,12.4,81,1004.1,100
2023-10-16,32.4,23.8,7.6,7.6,10.2,84,1004.3,93
2023-10-17,32.2,23.6,2.9,2.9,13.8,85,1004.7,82
2023-10-18,33.4,24.0,0.7,0.7,15.1,76,1005.3,86
2023-10-19,32.7,23.3,1.3,1.3,13.2,81,1005.4,59
2023-10-20,33.0,22.8,0.2,0.2,10.5,74,1005.2,44
2023-10-21,33.6,22.4,4.0,4.0,17.1,79,1005.5,66
2023-10-22,32.9,23.6,7.1,7.1,16.5,78,1005.6,88
2023-10-23,32.0,23.6,0.4,0.4,16.2,77,1005.1,75
2023-10-24,33.5,23.4,0.0,0.0,16.4,71,1004.8,48
2023-10-25,32.7,24.2,0.3,0.3,14.6,71,1005.9,54
2023-10-26,33.9,23.9,0.1,0.1,15.1,68,1005.6,30
2023-10-27,33.0,24.0,0.7,0.7,17.2,71,1004.5,46
2023-10-28,33.9,23.9,16.1,16.1,15.6,77,1004.6,76
2023-10-29,30.9,23.3,24.3,24.3,18.4,84,1004.7,98
2023-10-30,30.9,23.9,8.9,8.9,14.8,84,1004.8,96
2023-10-31,31.5,23.6,4.3,4.3,16.5,82,1004.8,76
2023-11-01,31.7,23.2,10.0,10.0,17.1,84,1005.1,84
2023-11-02,30.6,23.5,5.6,5.6,15.3,87,1004.4,95
2023-11-03,30.4,23.9,12.1,12.1,14.0,88,1003.2,100
2023-11-04,28.4,23.5,13.4,13.4,8.6,92,1003.3,99
2023-11-05,30.1,23.0,3.6,3.6,13.6,86,1004.5,83
2023-11-06,32.2,23.7,17.0,17.0,18.2,86,1005.4,83
2023-11-07,30.7,23.2,35.3,35.3,11.0,88,1005.8,100
2023-11-08,30.5,22.8,7.7,7.7,12.7,86,1005.3,100
2023-11-09,30.3,22.1,26.8,26.8,11.4,88,1005.8,97
2023-11-10,30.3,23.0,30.5,30.5,13.8,87,1006.9,98
2023-11-11,30.3,23.3,3.1,3.1,18.0,81,1006.7,86
2023-11-12,30.8,22.7,0.2,0.2,20.6,72,1006.4,80
2023-11-13,29.6,23.0,15.1,15.1,19.0,82,1005.8,99
2023-11-14,24.1,20.9,63.6,63.6,18.5,92,1005.4,100
2023-11-15,27.2,21.2,9.5,9.5,17.6,84,1005.1,100
2023-11-16,30.0,22.9,16.0,16.0,15.5,87,1005.4,92
2023-11-17,30.2,23.5,3.5,3.5,15.0,86,1005.4,95
2023-11-18,30.0,23.4,6.2,6.2,18.5,86,1005.1,88
2023-11-19,30.9,24.1,3.2,3.2,18.2,80,1005.4,99
2023-11-20,28.3,23.4,26.5,26.5,17.3,88,1005.1,100
2023-11-21,30.8,23.9,13.8,13.8,12.1,88,1004.1,85
2023-11-22,29.1,23.7,27.8,27.8,8.9,92,1004.2,100
2023-11-23,30.0,22.9,23.0,23.0,9.5,86,1003.7,98
2023-11-24,30.0,23.2,4.3,4.3,12.7,88,1003.9,90
2023-11-25,29.4,23.1,27.2,27.2,16.2,89,1005.3,97
2023-11-26,28.5,22.8,9.1,9.1,18.9,88,1006.2,91
2023-11-27,30.1,23.3,0.9,0.9,14.0,83,1004.6,77
2023-11-28,29.8,23.3,1.5,1.5,15.1,84,1003.9,99
2023-11-29,29.4,22.9,5.5,5.5,15.0,87,1004.2,99
2023-11-30,29.5,22.9,6.3,6.3,14.8,90,1004.9,88
2023-12-01,28.4,23.7,5.3,5.3,14.8,87,1003.8,99
2023-12-02,29.2,23.8,1.7,1.7,20.5,82,1001.8,100
2023-12-03,29.7,24.0,3.0,3.0,18.1,82,1001.0,100
2023-12-04,30.6,24.5,0.5,0.5,18.4,80,999.8,100
2023-12-05,33.1,24.4,0.0,0.0,15.5,81,1000.4,92
2023-12-06,31.5,25.1,1.2,1.2,10.6,84,1002.5,87
2023-12-07,31.8,23.9,0.2,0.2,11.9,84,1003.5,92
2023-12-08,30.2,22.7,26.7,26.7,10.9,85,1004.7,79
2023-12-09,29.6,23.8,9.0,9.0,13.4,87,1005.6,77
2023-12-10,30.4,23.9,1.8,1.8,17.0,82,1004.8,62
2023-12-11,29.8,23.2,1.9,1.9,16.8,79,1005.3,90
2023-12-12,29.5,22.3,0.6,0.6,17.3,78,1004.9,66
2023-12-13,29.1,20.9,0.0,0.0,20.6,75,1005.5,62
2023-12-14,29.3,21.5,0.0,0.0,24.6,74,1006.4,82
2023-12-15,27.6,23.1,3.5,3.5,21.5,82,1006.6,98
2023-12-16,28.5,23.1,13.0,13.0,18.3,89,1005.8,100
2023-12-17,27.8,23.6,5.6,5.6,21.8,86,1005.1,99
2023-12-18,27.0,23.5,2.7,2.7,20.8,83,1006.3,100
2023-12-19,28.0,22.7,18.2,18.2,23.4,80,1007.0,85
2023-12-20,26.4,23.3,4.0,4.0,19.9,83,1007.0,99
2023-12-21,27.7,23.2,5.4,5.4,17.9,86,1006.7,77
2023-12-22,29.7,21.3,0.2,0.2,17.7,81,1007.0,63
2023-12-23,29.0,20.3,0.0,0.0,14.5,78,1007.9,79
2023-12-24,27.7,21.7,1.3,1.3,17.9,82,1008.8,72
2023-12-25,28.8,22.7,2.8,2.8,19.2,86,1008.0,62
2023-12-26,28.8,22.7,0.2,0.2,20.5,82,1008.2,62
2023-12-27,29.2,21.9,0.3,0.3,25.4,77,1008.2,64
2023-12-28,29.4,23.5,2.9,2.9,21.2,80,1007.1,81
2023-12-29,29.0,23.2,9.8,9.8,17.6,85,1007.4,81
2023-12-30,29.3,23.0,1.4,1.4,18.9,81,1007.1,96
2023-12-31,29.6,21.3,0.0,0.0,17.9,80,1006.7,71
2024-01-01,30.0,21.2,0.0,0.0,16.7,78,1007.1,88
2024-01-02,29.1,21.8,0.2,0.2,18.3,79,1006.4,83
2024-01-03,29.7,21.9,0.0,0.0,14.6,78,1005.9,33
2024-01-04,29.8,22.2,7.7,7.7,13.9,83,1005.6,60
2024-01-05,28.3,23.1,1.5,1.5,16.1,83,1005.7,87
2024-01-06,26.6,22.6,43.7,43.7,18.9,89,1005.6,76
2024-01-07,28.0,23.3,243.7,243.7,18.6,89,1005.8,92
2024-01-08,27.4,22.9,81.4,81.4,15.0,93,1006.4,97
2024-01-09,27.3,23.0,30.5,30.5,18.9,89,1006.5,100
2024-01-10,29.7,22.5,0.4,0.4,19.6,81,1006.2,88
2024-01-11,29.8,22.3,0.4,0.4,20.5,78,1006.8,79
2024-01-12,30.1,21.7,0.9,0.9,18.3,78,1006.9,66
2024-01-13,30.2,22.0,0.6,0.6,21.4,82,1007.4,80
2024-01-14,30.4,21.2,0.1,0.1,17.5,78,1006.9,42
2024-01-15,29.9,20.7,0.7,0.7,13.6,78,1006.6,50
2024-01-16,29.5,18.9,0.0,0.0,9.7,77,1005.7,41
2024-01-17,30.4,18.5,0.0,0.0,10.8,79,1005.2,11
2024-01-18,29.8,20.0,0.6,0.6,12.3,84,1005.5,16
2024-01-19,28.7,23.1,7.2,7.2,12.1,86,1005.7,77
2024-01-20,30.5,24.0,0.3,0.3,13.8,77,1006.7,89
2024-01-21,30.0,23.5,1.8,1.8,13.4,83,1006.9,86
2024-01-22,31.2,21.2,0.0,0.0,10.8,79,1007.8,56
2024-01-23,31.0,20.4,0.0,0.0,12.7,78,1007.6,20
2024-01-24,31.0,19.8,0.0,0.0,10.5,77,1007.3,46
2024-01-25,31.4,19.3,0.1,0.1,10.9,76,1008.0,43
2024-01-26,31.1,20.5,0.1,0.1,14.6,73,1009.2,12
2024-01-27,30.6,21.3,0.1,0.1,16.6,75,1009.4,47
2024-01-28,30.8,21.5,0.2,0.2,16.7,76,1009.0,76
2024-01-29,30.8,21.6,0.0,0.0,16.5,75,1008.5,60
2024-01-30,31.3,21.0,0.1,0.1,13.6,75,1007.7,76
2024-01-31,31.6,22.5,0.0,0.0,13.7,76,1007.6,76
2024-02-01,32.3,22.8,0.3,0.3,12.6,80,1007.6,84
2024-02-02,31.2,23.3,1.0,1.0,11.3,81,1007.3,93
2024-02-03,33.1,23.0,0.1,0.1,15.9,78,1007.7,40
2024-02-04,32.6,21.5,0.2,0.2,15.5,74,1009.3,62
2024-02-05,32.1,22.0,0.0,0.0,14.1,76,1009.6,41
2024-02-06,32.5,21.1,0.2,0.2,17.1,75,1008.9,32
2024-02-07,32.8,20.9,0.1,0.1,11.5,76,1008.6,32
2024-02-08,33.1,20.3,0.0,0.0,15.5,79,1007.6,69
2024-02-09,32.7,21.1,0.4,0.4,15.9,77,1008.1,47
2024-02-10,32.3,22.7,0.3,0.3,16.7,75,1009.2,25
2024-02-11,32.0,22.8,0.0,0.0,19.2,72,1009.5,46
2024-02-12,32.2,21.3,0.2,0.2,18.8,72,1009.0,39
2024-02-13,31.4,22.1,1.8,1.8,18.8,77,1008.2,60
2024-02-14,33.3,23.4,1.4,1.4,18.7,73,1007.6,49
2024-02-15,32.9,22.6,0.5,0.5,18.0,75,1007.5,52
2024-02-16,33.1,23.3,0.6,0.6,17.5,73,1007.8,47
2024-02-17,33.2,22.2,0.0,0.0,15.9,73,1006.7,66
2024-02-18,33.8,23.4,0.0,0.0,17.3,74,1006.0,88
2024-02-19,33.4,22.3,0.7,0.7,15.5,75,1006.5,36
2024-02-20,33.8,22.2,0.3,0.3,13.7,75,1006.2,33
2024-02-21,33.8,21.8,0.0,0.0,12.8,72,1005.2,33
2024-02-22,33.7,23.1,0.2,0.2,14.0,75,1005.1,57
2024-02-23,35.0,24.3,0.0,0.0,18.7,73,1004.5,48
2024-02-24,33.1,24.2,2.5,2.5,14.4,75,1004.8,48
2024-02-25,34.1,23.3,0.3,0.3,18.6,71,1004.5,25
2024-02-26,32.5,24.2,1.5,1.5,20.7,72,1005.1,89
2024-02-27,33.7,24.4,1.0,1.0,20.5,69,1005.7,78
2024-02-28,33.5,22.8,0.1,0.1,17.2,70,1005.3,40
2024-02-29,34.2,22.5,0.0,0.0,17.6,71,1005.6,74
2024-03-01,34.3,23.5,0.3,0.3,18.0,71,1006.5,100
2024-03-02,34.7,24.1,0.0,0.0,12.7,72,1006.1,72
2024-03-03,34.3,22.5,0.1,0.1,12.5,71,1005.4,23
2024-03-04,34.5,21.5,0.0,0.0,13.0,72,1005.1,25
2024-03-05,33.8,21.4,0.0,0.0,12.8,71,1005.2,67
2024-03-06,34.7,22.3,0.0,0.0,13.6,72,1005.3,69
2024-03-07,34.8,21.4,0.0,0.0,11.3,72,1004.5,56
2024-03-08,35.1,21.3,0.0,0.0,12.5,69,1004.7,47
2024-03-09,35.5,22.4,0.0,0.0,15.1,71,1004.8,27
2024-03-10,35.0,24.3,0.1,0.1,15.7,70,1006.5,22
2024-03-11,35.3,23.7,0.0,0.0,15.2,71,1007.7,15
2024-03-12,35.7,22.3,0.0,0.0,14.5,70,1007.1,25
2024-03-13,35.8,22.8,0.1,0.1,16.2,69,1005.9,46
2024-03-14,36.3,21.7,0.0,0.0,16.4,64,1005.2,11
2024-03-15,36.2,22.4,0.0,0.0,14.6,62,1004.6,7
2024-03-16,36.6,24.4,0.4,0.4,14.0,69,1005.0,12
2024-03-17,35.7,23.6,0.0,0.0,15.6,68,1005.5,7
2024-03-18,35.3,21.7,0.0,0.0,11.9,67,1005.2,18
2024-03-19,35.7,22.6,0.1,0.1,16.9,70,1004.6,25
2024-03-20,35.6,21.9,0.0,0.0,18.4,71,1004.5,21
2024-03-21,34.1,23.8,0.7,0.7,18.4,72,1004.5,14
2024-03-22,35.3,24.2,0.4,0.4,15.9,71,1003.1,35
2024-03-23,36.7,24.2,0.0,0.0,16.6,68,1003.0,33
2024-03-24,36.2,23.2,0.0,0.0,14.9,69,1004.6,57
2024-03-25,36.3,22.4,0.1,0.1,17.8,70,1005.0,27
2024-03-26,35.5,22.4,0.0,0.0,16.9,65,1005.5,44
2024-03-27,35.5,23.0,0.3,0.3,15.5,71,1006.9,64
2024-03-28,36.9,23.9,0.0,0.0,13.2,68,1005.0,38
2024-03-29,37.1,23.9,0.0,0.0,13.0,67,1004.3,61
2024-03-30,37.2,23.8,0.0,0.0,18.2,66,1005.2,79
2024-03-31,35.8,24.6,1.3,1.3,12.0,71,1005.7,36
2024-04-01,37.4,24.4,0.0,0.0,14.6,68,1003.5,21
2024-04-02,38.9,25.7,0.0,0.0,19.6,66,1001.7,31
2024-04-03,37.9,26.7,1.1,1.1,16.1,66,1002.4,95
2024-04-04,38.9,26.0,0.2,0.2,16.1,67,1002.7,61
2024-04-05,39.8,26.1,0.0,0.0,18.4,62,1002.0,84
2024-04-06,39.2,25.6,0.1,0.1,15.3,58,1001.3,58
2024-04-07,39.4,24.9,0.0,0.0,15.5,61,1001.0,68
2024-04-08,39.0,24.6,0.0,0.0,16.5,64,1002.0,63
2024-04-09,38.0,25.9,0.0,0.0,19.1,65,1003.0,89
2024-04-10,37.6,26.0,0.0,0.0,17.3,64,1003.2,49
2024-04-11,36.3,25.3,28.4,28.4,18.8,72,1003.5,89
2024-04-12,33.8,24.8,7.2,7.2,16.4,78,1003.7,92
2024-04-13,35.3,25.3,4.7,4.7,16.2,73,1003.6,66
2024-04-14,37.3,26.6,1.2,1.2,18.4,66,1003.6,81
2024-04-15,36.8,25.9,1.0,1.0,20.2,71,1004.2,65
2024-04-16,37.6,25.2,0.1,0.1,14.8,65,1003.4,85
2024-04-17,38.6,24.7,0.0,0.0,14.7,66,1002.4,83
2024-04-18,39.8,26.1,0.2,0.2,17.3,64,1001.0,46
2024-04-19,39.9,26.7,0.0,0.0,17.4,66,999.5,74
2024-04-20,41.0,27.3,0.0,0.0,18.6,64,999.1,69
2024-04-21,39.5,28.0,0.2,0.2,15.6,65,1000.2,43
2024-04-22,40.9,26.7,0.1,0.1,19.8,63,1000.7,61
2024-04-23,39.8,27.4,0.0,0.0,17.4,60,1000.2,72
2024-04-24,40.3,26.7,0.0,0.0,16.3,58,1000.0,68
2024-04-25,39.2,26.4,0.0,0.0,17.3,59,1000.2,30
2024-04-26,39.5,25.6,0.0,0.0,14.6,63,1000.0,38
2024-04-27,39.3,24.8,0.0,0.0,16.6,65,1000.3,71
2024-04-28,39.2,25.7,0.1,0.1,14.8,67,1000.8,98
2024-04-29,40.2,27.3,0.3,0.3,20.5,64,1001.6,96
2024-04-30,39.2,28.5,1.6,1.6,18.6,64,1000.6,78
2024-05-01,41.6,27.8,0.0,0.0,21.3,58,998.3,84
2024-05-02,42.0,28.8,0.1,0.1,21.5,63,998.6,79
2024-05-03,41.2,27.8,0.0,0.0,20.0,64,999.5,100
2024-05-04,41.8,27.7,0.0,0.0,19.6,61,999.9,92
2024-05-05,41.5,28.5,11.7,11.7,20.2,63,999.0,72
2024-05-06,41.0,27.3,4.7,4.7,18.1,60,999.4,81
2024-05-07,41.0,29.3,0.1,0.1,19.7,61,1000.5,38
2024-05-08,36.6,26.3,0.4,0.4,18.3,63,1001.4,85
2024-05-09,36.8,26.4,3.4,3.4,15.8,68,1000.4,57
2024-05-10,36.0,25.4,5.2,5.2,14.5,71,1001.6,85
2024-05-11,34.0,24.5,14.5,14.5,12.6,75,1002.4,98
2024-05-12,34.7,26.3,12.9,12.9,15.2,77,1002.2,94
2024-05-13,35.0,25.0,18.6,18.6,13.4,76,1001.2,93
2024-05-14,34.0,25.9,10.5,10.5,7.8,75,1001.5,99
2024-05-15,34.2,25.9,44.7,44.7,20.0,85,1001.8,98
2024-05-16,29.0,25.0,17.3,17.3,15.5,90,1002.5,100
2024-05-17,33.0,24.4,18.7,18.7,12.4,87,1001.1,100
2024-05-18,32.7,24.9,41.0,41.0,11.5,89,999.5,100
2024-05-19,32.8,25.3,26.7,26.7,10.1,88,998.0,100
2024-05-20,30.1,24.6,55.5,55.5,15.6,89,997.8,100
2024-05-21,29.3,25.1,27.5,27.5,11.9,90,997.5,100
2024-05-22,31.8,25.5,2.5,2.5,12.4,86,996.2,100
2024-05-23,30.4,25.4,13.5,13.5,16.9,88,995.8,100
2024-05-24,31.3,25.3,15.6,15.6,21.6,88,995.3,100
2024-05-25,35.1,26.3,0.3,0.3,22.1,70,995.3,100
2024-05-26,35.9,27.8,1.2,1.2,23.5,61,996.3,100
2024-05-27,36.2,28.0,0.0,0.0,19.9,60,996.6,100
2024-05-28,37.5,28.0,0.0,0.0,22.4,58,997.1,99
2024-05-29,37.8,27.6,0.0,0.0,18.8,61,996.8,80
2024-05-30,38.7,28.0,0.1,0.1,20.9,59,996.9,76
2024-05-31,38.8,26.5,18.7,18.7,20.7,69,997.5,45
2024-06-01,36.6,26.4,21.8,21.8,18.8,76,998.4,88
2024-06-02,33.9,26.9,29.1,29.1,18.5,80,999.6,88
2024-06-03,33.1,27.0,17.3,17.3,13.4,83,1000.4,97
2024-06-04,34.0,26.5,6.8,6.8,14.1,80,1000.9,83
2024-06-05,33.4,26.0,39.2,39.2,16.7,85,1001.7,94
2024-06-06,32.2,24.8,33.6,33.6,19.4,88,1002.4,100
2024-06-07,32.1,25.4,13.4,13.4,16.6,85,1001.0,94
2024-06-08,32.7,25.6,8.1,8.1,17.1,81,1000.7,97
2024-06-09,33.8,25.1,0.3,0.3,17.3,76,1000.2,99
2024-06-10,34.4,25.4,0.5,0.5,17.1,72,1000.4,64
2024-06-11,35.3,26.4,0.4,0.4,18.5,68,1000.5,95
2024-06-12,33.1,26.7,0.3,0.3,17.8,67,1001.8,100
2024-06-13,35.2,26.8,0.0,0.0,17.9,64,1001.4,99
2024-06-14,35.8,26.9,0.0,0.0,17.0,65,1000.0,100
2024-06-15,36.4,26.4,0.0,0.0,17.7,66,999.4,86
2024-06-16,36.9,27.0,2.8,2.8,15.0,64,999.7,79
2024-06-17,35.9,26.4,0.5,0.5,17.7,70,1000.0,77
2024-06-18,34.8,26.2,11.4,11.4,13.9,73,1000.2,99
2024-06-19,36.1,25.7,12.9,12.9,16.2,73,999.1,97
2024-06-20,33.8,26.0,1.2,1.2,15.6,67,999.3,100
2024-06-21,36.6,26.7,0.2,0.2,23.4,57,998.9,93
2024-06-22,36.8,26.9,0.3,0.3,16.7,60,997.0,88
2024-06-23,36.9,27.2,1.1,1.1,23.1,60,996.7,87
2024-06-24,35.5,25.8,0.9,0.9,25.3,62,996.8,98
2024-06-25,35.1,26.7,1.8,1.8,23.1,64,996.8,94
2024-06-26,29.3,25.8,3.9,3.9,20.0,80,997.5,100
2024-06-27,33.0,25.0,0.0,0.0,25.9,70,998.8,100
2024-06-28,36.9,25.9,0.0,0.0,18.4,64,999.3,89
2024-06-29,36.5,25.8,1.1,1.1,16.2,67,1000.0,81
2024-06-30,36.4,26.3,6.0,6.0,17.9,76,1000.9,89
2024-07-01,33.2,26.0,1.2,1.2,15.7,73,1000.8,100
2024-07-02,35.5,26.6,0.1,0.1,24.1,62,999.6,100
2024-07-03,37.2,25.7,0.4,0.4,17.5,64,999.5,91
2024-07-04,36.1,25.9,5.0,5.0,18.3,69,1000.6,100
2024-07-05,37.4,26.3,1.0,1.0,17.4,70,999.4,84
2024-07-06,33.1,26.9,0.0,0.0,21.2,60,999.0,93
2024-07-07,38.1,26.6,0.2,0.2,22.9,61,998.3,77
2024-07-08,33.9,26.9,0.0,0.0,22.1,61,998.3,100
2024-07-09,37.0,26.8,0.6,0.6,18.5,61,999.2,91
2024-07-10,37.8,26.7,1.0,1.0,23.3,61,1001.1,55
2024-07-11,36.8,27.1,0.1,0.1,16.0,59,1000.5,97
2024-07-12,36.5,25.7,27.0,27.0,22.3,71,999.4,79
2024-07-13,34.5,24.8,3.0,3.0,28.0,68,998.9,91
2024-07-14,34.3,26.5,2.1,2.1,22.6,66,997.6,100
2024-07-15,33.4,25.1,2.4,2.4,27.7,68,997.6,100
2024-07-16,31.8,25.2,2.8,2.8,24.9,71,998.0,100
2024-07-17,34.8,25.5,2.6,2.6,28.5,67,998.8,100
2024-07-18,31.9,25.4,2.2,2.2,25.6,73,999.0,100
2024-07-19,35.2,26.1,0.0,0.0,30.2,59,997.8,96
2024-07-20,36.6,27.4,0.0,0.0,28.9,54,997.9,100
2024-07-21,37.7,27.0,0.0,0.0,30.1,51,998.7,94
2024-07-22,37.7,27.2,0.0,0.0,29.9,50,1000.8,100
2024-07-23,37.3,27.1,0.3,0.3,21.0,53,1001.1,90
2024-07-24,38.5,27.4,0.1,0.1,20.4,52,999.3,95
2024-07-25,35.8,27.9,0.9,0.9,28.8,58,998.2,100
2024-07-26,36.9,27.9,0.3,0.3,25.2,55,998.3,95
2024-07-27,37.3,27.7,1.2,1.2,23.8,53,998.5,98
2024-07-28,38.0,27.7,0.0,0.0,24.3,49,997.2,99
2024-07-29,37.8,26.4,0.1,0.1,27.0,54,996.7,100
2024-07-30,35.3,24.7,8.8,8.8,27.4,69,999.6,94
2024-07-31,37.9,26.4,4.8,4.8,22.7,63,1000.9,89
2024-08-01,37.1,26.1,4.0,4.0,21.3,66,1000.6,100
2024-08-02,37.9,27.0,0.3,0.3,23.1,59,1000.4,100
2024-08-03,37.9,26.4,0.9,0.9,19.5,56,1001.2,98
2024-08-04,36.3,26.9,3.3,3.3,13.1,56,1001.3,92
2024-08-05,36.2,24.8,10.4,10.4,20.5,70,1001.7,86
2024-08-06,36.4,25.8,5.6,5.6,14.3,72,1000.6,88
2024-08-07,34.7,25.1,0.3,0.3,11.1,72,1000.7,95
2024-08-08,35.7,26.0,5.3,5.3,16.4,70,1001.5,90
2024-08-09,35.9,25.3,10.6,10.6,10.7,71,1001.6,58
2024-08-10,35.3,24.9,8.7,8.7,15.7,77,1001.5,76
2024-08-11,34.7,25.2,5.3,5.3,14.1,76,999.5,67
2024-08-12,33.7,24.9,4.1,4.1,17.0,79,999.0,62
2024-08-13,33.2,24.4,1.8,1.8,12.1,80,999.5,64
2024-08-14,32.6,25.0,13.8,13.8,11.0,82,999.0,78
2024-08-15,32.7,24.5,0.7,0.7,14.7,80,998.2,80
2024-08-16,33.3,25.3,1.7,1.7,18.5,78,997.5,78
2024-08-17,34.6,25.4,21.8,21.8,12.5,81,998.3,85
2024-08-18,33.9,25.0,0.5,0.5,14.8,77,999.2,70
2024-08-19,32.5,25.3,20.6,20.6,19.2,82,999.2,86
2024-08-20,32.6,24.6,5.1,5.1,18.4,81,999.5,69
2024-08-21,32.9,25.3,2.3,2.3,19.4,76,1000.9,93
2024-08-22,31.6,25.2,0.0,0.0,15.8,71,1002.2,96
2024-08-23,34.2,25.3,0.2,0.2,18.7,74,1002.4,97
2024-08-24,34.5,25.6,0.0,0.0,17.6,70,1002.8,86
2024-08-25,35.4,25.8,0.0,0.0,20.6,61,1002.2,76
2024-08-26,34.5,25.3,1.2,1.2,17.4,63,1001.4,85
2024-08-27,35.1,26.4,1.2,1.2,18.5,65,1002.1,99
2024-08-28,33.6,26.5,0.1,0.1,16.0,64,1002.1,99
2024-08-29,34.6,26.1,7.8,7.8,20.0,66,1000.6,100
2024-08-30,35.6,26.2,5.6,5.6,19.1,67,1000.2,100
2024-08-31,35.3,26.3,3.1,3.1,19.9,69,1000.0,98
2024-09-01,35.6,26.1,1.6,1.6,21.0,65,999.2,80
2024-09-02,36.4,25.6,0.1,0.1,19.1,65,999.3,75
2024-09-03,34.2,26.5,1.0,1.0,17.6,66,1000.7,84
2024-09-04,35.8,26.1,0.0,0.0,19.9,63,1000.7,90
2024-09-05,37.2,26.1,0.0,0.0,19.6,60,999.4,88
2024-09-06,37.1,26.8,3.3,3.3,17.7,62,999.7,98
2024-09-07,37.3,26.6,2.1,2.1,18.4,63,1000.5,100
2024-09-08,36.8,26.8,0.1,0.1,22.7,58,1001.1,100
2024-09-09,36.5,27.1,1.3,1.3,20.2,62,999.5,80
2024-09-10,38.2,26.7,0.0,0.0,23.5,54,999.2,39
2024-09-11,37.6,27.1,0.4,0.4,21.5,61,1000.6,62
2024-09-12,38.0,27.3,0.7,0.7,19.6,57,1001.3,84
2024-09-13,38.8,26.5,0.0,0.0,18.7,61,1000.7,92
2024-09-14,38.5,26.9,1.8,1.8,22.2,57,1000.3,85
2024-09-15,39.4,26.6,0.8,0.8,18.4,52,1000.1,73
2024-09-16,39.6,27.2,0.0,0.0,19.6,50,1000.2,47
2024-09-17,39.7,27.2,0.9,0.9,19.8,53,999.9,43
2024-09-18,38.6,26.6,0.0,0.0,18.5,52,998.9,24
2024-09-19,37.9,26.3,0.0,0.0,17.9,53,999.2,32
2024-09-20,38.1,26.6,0.0,0.0,18.5,54,999.2,85
2024-09-21,37.1,26.8,0.1,0.1,18.6,55,999.5,99
2024-09-22,37.5,27.0,0.0,0.0,16.5,51,998.6,91
2024-09-23,37.9,27.6,3.5,3.5,22.4,58,998.3,90
2024-09-24,38.8,27.1,0.5,0.5,22.5,54,997.7,93
2024-09-25,39.0,27.3,0.0,0.0,24.3,54,998.0,91
2024-09-26,37.6,27.5,0.8,0.8,18.2,60,998.7,98
2024-09-27,36.4,26.6,2.9,2.9,16.3,62,1001.0,98
2024-09-28,34.9,25.1,2.0,2.0,12.6,76,1002.4,65
2024-09-29,33.7,24.6,1.8,1.8,14.2,76,1003.4,53
2024-09-30,34.2,25.3,1.0,1.0,16.7,71,1003.1,63
2024-10-01,35.0,24.5,0.8,0.8,16.1,70,1001.9,36
2024-10-02,36.3,25.3,1.3,1.3,18.1,67,1002.2,76
2024-10-03,36.3,26.3,6.1,6.1,15.8,67,1002.0,95
2024-10-04,36.5,25.4,15.0,15.0,21.3,78,1001.9,100
2024-10-05,32.9,24.5,15.4,15.4,13.1,81,1002.2,100
2024-10-06,32.1,24.8,0.1,0.1,10.9,78,1002.2,99
2024-10-07,33.2,24.2,12.1,12.1,17.7,82,1003.5,93
2024-10-08,30.5,24.3,3.6,3.6,8.4,85,1003.8,100
2024-10-09,33.2,23.7,25.3,25.3,17.6,85,1002.5,90
2024-10-10,31.2,24.2,12.7,12.7,14.2,86,1001.2,94
2024-10-11,30.9,24.2,14.6,14.6,11.0,87,1001.0,96
2024-10-12,30.9,23.6,31.9,31.9,8.2,87,1001.8,98
2024-10-13,31.0,23.3,25.5,25.5,12.9,88,1002.3,97
2024-10-14,27.1,23.9,24.0,24.0,9.4,92,1001.9,100
2024-10-15,29.8,23.7,11.1,11.1,13.0,88,1001.5,100
2024-10-16,32.2,23.8,0.1,0.1,14.4,77,1000.8,100
2024-10-17,32.4,25.1,0.8,0.8,18.2,73,1000.7,95
2024-10-18,32.2,24.9,0.5,0.5,13.0,77,1001.4,97
2024-10-19,29.3,23.9,13.6,13.6,12.3,87,1003.0,90
2024-10-20,31.4,24.3,16.0,16.0,13.1,86,1003.6,97
2024-10-21,30.8,23.6,9.3,9.3,10.5,87,1003.9,93
2024-10-22,31.4,24.1,31.1,31.1,7.9,88,1004.0,72
2024-10-23,32.6,24.0,0.4,0.4,10.6,79,1003.1,55
2024-10-24,32.7,24.0,3.1,3.1,9.8,83,1003.1,99
2024-10-25,32.0,23.9,11.2,11.2,15.3,83,1003.2,76
2024-10-26,32.6,24.1,0.0,0.0,14.3,78,1002.6,28
2024-10-27,33.1,24.4,0.0,0.0,13.2,73,1001.5,14
2024-10-28,33.1,24.5,0.1,0.1,11.1,74,1001.2,46
2024-10-29,33.8,25.3,0.0,0.0,17.1,76,1002.0,56
2024-10-30,32.4,24.7,1.0,1.0,12.5,83,1002.9,66
2024-10-31,31.9,24.4,5.5,5.5,15.7,84,1004.0,56
2024-11-01,31.0,24.0,23.6,23.6,16.4,89,1005.0,87
2024-11-02,30.2,23.3,20.6,20.6,11.2,88,1005.6,68
2024-11-03,31.0,22.8,3.8,3.8,15.5,86,1005.0,59
2024-11-04,29.5,22.3,6.1,6.1,11.0,87,1004.5,76
2024-11-05,30.7,22.7,0.8,0.8,13.2,80,1004.6,28
2024-11-06,32.1,22.4,0.0,0.0,14.8,73,1004.3,18
2024-11-07,28.2,24.1,16.7,16.7,12.5,87,1004.4,98
2024-11-08,30.5,24.0,0.3,0.3,17.2,81,1004.0,100
2024-11-09,31.6,23.9,0.7,0.7,17.5,77,1004.2,94
2024-11-10,31.9,23.3,0.1,0.1,18.8,71,1004.2,44
2024-11-11,32.4,23.8,0.1,0.1,18.2,70,1003.0,67
2024-11-12,31.1,24.5,1.2,1.2,21.4,75,1002.1,76
2024-11-13,29.8,23.9,2.8,2.8,17.5,87,1001.9,100
2024-11-14,29.6,23.6,16.7,16.7,15.5,89,1003.5,92
2024-11-15,27.1,22.9,42.5,42.5,16.7,93,1004.3,98
2024-11-16,26.8,22.9,32.6,32.6,15.6,94,1003.9,96
2024-11-17,28.6,23.0,8.0,8.0,19.7,90,1003.6,81
2024-11-18,28.6,23.1,29.1,29.1,17.6,92,1004.3,87
2024-11-19,28.7,23.8,0.9,0.9,21.6,82,1004.7,100
2024-11-20,27.5,23.5,25.1,25.1,16.2,88,1004.8,100
2024-11-21,28.9,23.2,0.7,0.7,18.9,80,1004.5,88
2024-11-22,29.9,22.7,0.0,0.0,19.6,76,1004.2,52
2024-11-23,28.9,23.0,3.5,3.5,16.8,84,1004.9,85
2024-11-24,28.8,22.9,3.5,3.5,19.3,84,1004.9,96
2024-11-25,29.6,22.9,0.8,0.8,19.5,79,1003.5,100
2024-11-26,25.4,23.6,26.7,26.7,21.6,90,1002.2,100
2024-11-27,25.7,23.0,30.6,30.6,23.1,89,1001.1,100
2024-11-28,26.4,23.5,3.0,3.0,21.4,76,1000.6,100
2024-11-29,29.3,21.6,1.1,1.1,22.4,78,999.9,100
2024-11-30,28.0,24.0,20.5,20.5,27.2,82,997.9,100
2024-12-01,29.4,23.9,54.5,54.5,34.2,85,996.4,100
2024-12-02,30.7,23.8,7.8,7.8,18.2,86,998.5,88
2024-12-03,30.8,23.1,7.8,7.8,10.0,88,1001.9,80
2024-12-04,29.6,24.1,3.7,3.7,12.9,89,1003.7,62
2024-12-05,29.6,23.0,4.2,4.2,11.6,87,1004.3,30
2024-12-06,29.9,22.8,2.8,2.8,12.6,87,1004.4,51
2024-12-07,29.4,23.5,1.3,1.3,13.4,88,1004.2,71
2024-12-08,29.7,21.8,1.0,1.0,12.6,86,1004.2,49
2024-12-09,29.5,22.4,0.2,0.2,13.2,86,1003.8,81
2024-12-10,29.7,23.5,0.0,0.0,18.4,80,1003.4,99
2024-12-11,26.0,23.7,22.2,22.2,23.1,88,1003.1,100
2024-12-12,26.4,22.9,60.4,60.4,20.5,95,1002.6,100
2024-12-13,26.4,22.5,41.1,41.1,21.0,94,1003.9,98
2024-12-14,28.3,23.0,4.6,4.6,21.2,83,1005.3,57
2024-12-15,27.8,20.9,0.0,0.0,22.9,77,1006.2,63
2024-12-16,28.3,21.7,0.1,0.1,23.1,74,1005.1,88
2024-12-17,28.8,21.8,1.2,1.2,19.4,78,1003.4,100
2024-12-18,29.9,22.6,0.5,0.5,13.9,80,1002.5,89
2024-12-19,30.4,23.8,3.8,3.8,12.0,85,1002.2,100
2024-12-20,30.7,22.9,17.7,17.7,10.0,87,1002.4,77
2024-12-21,30.7,22.5,2.2,2.2,11.8,84,1002.8,84
2024-12-22,29.6,23.0,2.3,2.3,14.7,85,1004.0,56
2024-12-23,29.3,22.5,0.0,0.0,11.1,83,1004.0,48
2024-12-24,29.8,21.7,0.0,0.0,10.7,81,1003.7,13
2024-12-25,30.0,21.7,0.0,0.0,11.0,81,1004.8,8
2024-12-26,29.8,23.4,5.2,5.2,11.8,87,1006.1,72
2024-12-27,28.2,23.4,3.6,3.6,20.7,89,1007.6,83
2024-12-28,28.9,22.3,1.3,1.3,15.3,85,1007.4,39
2024-12-29,29.8,22.4,5.0,5.0,20.4,84,1007.1,94
2024-12-30,27.8,23.0,5.9,5.9,23.1,88,1006.8,99
2024-12-31,29.1,23.0,3.2,3.2,23.7,84,1006.9,71
2025-01-01,28.8,22.5,0.1,0.1,22.9,80,1006.3,56
2025-01-02,28.3,21.6,0.2,0.2,19.5,78,1006.4,99
2025-01-03,28.3,20.7,0.0,0.0,21.3,74,1006.6,60
2025-01-04,28.2,20.4,0.0,0.0,17.2,74,1006.0,30
2025-01-05,28.3,19.7,0.0,0.0,13.7,76,1006.1,50
2025-01-06,28.6,19.8,0.0,0.0,13.0,76,1005.8,30
2025-01-07,27.9,22.0,1.7,1.7,14.5,85,1005.5,63
2025-01-08,29.2,21.6,0.0,0.0,16.2,75,1005.3,10
2025-01-09,28.1,20.3,0.0,0.0,17.1,71,1006.3,67
2025-01-10,28.1,21.5,2.0,2.0,19.7,78,1007.3,74
2025-01-11,29.0,21.9,0.4,0.4,22.5,80,1007.1,84
2025-01-12,27.5,22.0,28.5,28.5,22.6,85,1006.8,91
2025-01-13,28.8,22.8,1.9,1.9,18.1,86,1005.2,84
2025-01-14,28.8,22.5,0.9,0.9,23.7,81,1006.3,85
2025-01-15,28.7,23.3,0.7,0.7,24.3,79,1007.0,82
2025-01-16,29.1,22.8,0.0,0.0,21.3,73,1007.0,57
2025-01-17,28.8,20.9,0.1,0.1,23.3,75,1005.9,37
2025-01-18,27.6,21.6,18.0,18.0,22.9,82,1005.1,93
2025-01-19,28.1,22.3,12.2,12.2,21.2,90,1005.3,99
2025-01-20,29.2,22.8,0.7,0.7,17.7,79,1004.8,74
2025-01-21,28.8,20.5,0.0,0.0,18.1,78,1004.3,58
2025-01-22,28.4,21.2,0.9,0.9,16.7,81,1004.3,55
2025-01-23,30.1,21.3,0.4,0.4,16.5,79,1004.5,90
2025-01-24,29.2,20.4,0.0,0.0,16.1,78,1004.5,50
2025-01-25,30.2,20.3,0.0,0.0,19.3,77,1004.8,72
2025-01-26,29.1,20.1,0.1,0.1,19.5,80,1004.9,69
2025-01-27,29.5,19.9,0.0,0.0,17.1,78,1004.5,46
2025-01-28,29.0,19.5,0.7,0.7,15.3,78,1004.9,85
2025-01-29,29.8,20.8,0.0,0.0,20.6,75,1005.6,81
2025-01-30,29.0,22.2,1.4,1.4,16.3,81,1004.7,77
2025-01-31,30.8,23.2,0.7,0.7,20.3,85,1004.0,46
2025-02-01,31.0,23.5,1.0,1.0,16.3,85,1004.8,72
2025-02-02,31.5,22.5,0.2,0.2,16.7,81,1004.9,61
2025-02-03,30.7,21.6,0.1,0.1,12.4,79,1005.5,46
2025-02-04,30.8,19.6,0.0,0.0,11.8,77,1005.8,66
2025-02-05,31.4,20.8,0.0,0.0,15.3,77,1004.9,34
2025-02-06,31.1,21.1,0.5,0.5,14.3,77,1004.7,32
2025-02-07,31.6,20.4,0.1,0.1,14.3,76,1006.1,73
2025-02-08,31.9,20.1,0.0,0.0,17.2,76,1006.0,73
2025-02-09,32.1,21.4,0.0,0.0,19.6,75,1005.4,19
2025-02-10,31.4,21.7,0.5,0.5,15.3,71,1006.3,46
2025-02-11,31.8,20.2,0.0,0.0,12.6,73,1006.8,79
2025-02-12,32.5,21.3,0.0,0.0,17.1,75,1006.3,61
2025-02-13,31.7,20.1,0.0,0.0,13.5,74,1006.2,70
2025-02-14,31.8,18.0,0.0,0.0,10.6,76,1005.9,61
2025-02-15,32.5,18.2,0.0,0.0,15.0,75,1005.0,88
2025-02-16,32.9,19.5,0.0,0.0,16.8,73,1005.4,50
2025-02-17,32.6,20.5,0.0,0.0,16.8,71,1006.9,44
2025-02-18,32.1,20.2,0.0,0.0,13.0,71,1006.9,31
2025-02-19,32.6,19.5,0.0,0.0,14.5,73,1005.0,9
2025-02-20,33.0,20.3,0.0,0.0,14.8,72,1005.7,6
2025-02-21,33.2,20.7,0.0,0.0,17.0,73,1006.9,10
2025-02-22,33.1,21.6,0.0,0.0,15.0,72,1007.4,35
2025-02-23,33.5,21.2,0.0,0.0,17.0,73,1007.4,17
2025-02-24,33.8,21.7,0.0,0.0,21.1,73,1007.2,25
2025-02-25,32.0,23.0,0.9,0.9,23.0,75,1007.9,28
2025-02-26,33.0,24.0,0.9,0.9,25.7,70,1007.5,31
2025-02-27,33.5,23.6,0.2,0.2,22.6,71,1006.1,77
2025-02-28,30.9,24.0,8.8,8.8,23.7,79,1005.5,82
2025-03-01,30.9,23.5,3.2,3.2,17.7,80,1004.9,92
2025-03-02,32.3,23.8,0.7,0.7,13.7,78,1003.8,52
2025-03-03,34.4,23.5,0.3,0.3,14.5,77,1003.8,90
2025-03-04,34.6,23.7,0.0,0.0,12.8,74,1003.8,91
2025-03-05,35.1,22.6,0.0,0.0,9.3,72,1003.7,77
2025-03-06,35.6,21.4,0.0,0.0,16.1,71,1004.2,51
2025-03-07,35.0,22.5,0.0,0.0,14.0,70,1003.3,26
2025-03-08,34.6,23.3,0.0,0.0,14.6,68,1002.5,24
2025-03-09,33.7,20.3,0.0,0.0,17.3,71,1003.5,15
2025-03-10,33.8,21.6,0.0,0.0,21.7,67,1005.0,50
2025-03-11,26.9,23.9,18.0,18.0,21.6,89,1005.3,100
2025-03-12,29.3,22.8,12.0,12.0,15.8,91,1004.6,86
2025-03-13,33.3,22.3,0.0,0.0,11.9,78,1003.6,52
2025-03-14,33.6,22.1,0.1,0.1,12.5,78,1003.9,43
2025-03-15,33.2,22.4,0.2,0.2,12.8,76,1004.6,29
2025-03-16,33.5,23.5,1.1,1.1,14.3,79,1004.8,42
2025-03-17,34.4,23.9,0.0,0.0,12.3,76,1004.3,64
2025-03-18,34.5,23.7,0.1,0.1,14.2,74,1004.1,28
2025-03-19,34.6,24.2,0.6,0.6,18.1,76,1005.9,62
2025-03-20,34.9,24.3,0.0,0.0,15.3,71,1007.0,13
2025-03-21,33.8,25.0,0.6,0.6,16.9,75,1006.9,32
2025-03-22,33.9,25.0,1.7,1.7,14.5,76,1006.1,25
2025-03-23,34.3,24.6,0.8,0.8,14.6,72,1005.9,26
2025-03-24,35.5,24.8,0.3,0.3,16.2,70,1005.3,30
2025-03-25,36.1,24.7,0.0,0.0,16.1,68,1003.0,25
2025-03-26,35.5,22.8,0.0,0.0,14.5,67,1002.0,71
2025-03-27,36.5,22.6,0.0,0.0,14.6,60,1001.5,85
2025-03-28,36.8,23.9,0.0,0.0,17.7,64,1001.0,94
2025-03-29,37.0,22.2,0.0,0.0,15.2,55,1000.9,10
2025-03-30,35.5,19.5,0.0,0.0,13.5,66,1002.3,12
2025-03-31,35.2,22.4,0.0,0.0,15.9,68,1002.4,29
2025-04-01,33.7,23.7,0.9,0.9,11.2,69,1002.2,31
2025-04-02,33.7,24.8,4.0,4.0,15.6,74,1002.6,60
2025-04-03,32.4,24.5,7.9,7.9,11.4,83,1004.8,100
2025-04-04,33.6,23.5,0.8,0.8,18.4,76,1004.5,65
2025-04-05,34.2,24.0,2.8,2.8,11.9,73,1003.4,45
2025-04-06,34.8,24.3,3.8,3.8,24.9,73,1002.2,85
2025-04-07,34.7,23.8,0.0,0.0,16.2,72,1002.4,88
2025-04-08,35.3,24.4,0.0,0.0,14.2,71,1003.2,64
2025-04-09,34.7,24.5,0.4,0.4,19.5,74,1002.7,61
2025-04-10,37.1,25.0,0.0,0.0,17.5,64,1000.3,71
2025-04-11,38.0,25.4,13.8,13.8,20.5,62,1000.1,61
2025-04-12,37.2,24.6,0.1,0.1,15.9,64,1000.8,23
2025-04-13,36.5,26.2,0.0,0.0,11.2,63,1001.3,29
2025-04-14,35.7,25.9,0.0,0.0,15.7,71,1001.5,17
2025-04-15,34.9,25.4,0.1,0.1,16.0,69,1002.1,54
2025-04-16,35.0,25.9,0.1,0.1,14.3,70,1002.3,12
2025-04-17,35.0,23.3,7.9,7.9,16.1,72,1001.6,47
2025-04-18,36.4,26.5,0.6,0.6,16.1,73,1000.9,45
2025-04-19,36.9,26.5,0.0,0.0,20.5,70,1000.4,56
2025-04-20,36.5,26.7,0.0,0.0,16.4,70,1000.6,36
2025-04-21,36.0,26.7,0.0,0.0,15.0,67,1002.1,8
2025-04-22,35.3,25.9,0.5,0.5,13.5,70,1003.5,29
2025-04-23,35.4,25.5,0.0,0.0,15.4,68,1002.0,23
2025-04-24,36.5,26.2,0.0,0.0,18.3,70,1000.6,10
2025-04-25,35.6,26.9,0.3,0.3,18.7,72,1000.9,47
2025-04-26,34.7,26.6,0.5,0.5,15.5,72,1001.1,58
2025-04-27,35.4,26.2,1.8,1.8,16.6,72,1002.0,84
2025-04-28,33.8,25.9,1.2,1.2,13.9,72,1001.2,69
2025-04-29,35.3,25.1,1.4,1.4,17.1,72,1000.6,87
2025-04-30,37.0,26.3,0.0,0.0,20.0,68,1001.0,79
2025-05-01,36.5,26.0,0.0,0.0,17.0,69,1001.5,100
2025-05-02,36.5,26.9,0.2,0.2,19.4,69,1001.8,70
2025-05-03,37.5,26.2,0.0,0.0,19.8,66,1000.8,18
2025-05-04,38.3,26.1,17.2,17.2,20.8,66,1000.2,20
2025-05-05,36.2,25.0,0.4,0.4,18.0,73,1000.2,71
2025-05-06,36.5,25.9,12.1,12.1,18.1,72,1000.7,90
2025-05-07,35.9,25.2,4.3,4.3,21.7,70,1000.2,71
2025-05-08,36.5,25.5,0.6,0.6,17.7,70,1000.4,60
2025-05-09,35.2,26.6,0.1,0.1,13.6,71,1001.0,35
2025-05-10,35.0,23.9,3.8,3.8,13.7,73,1001.5,34
2025-05-11,36.4,26.3,0.0,0.0,17.5,64,1000.1,21
2025-05-12,36.4,26.7,0.0,0.0,18.3,63,998.9,25
2025-05-13,36.7,26.8,0.0,0.0,16.4,62,998.2,51
2025-05-14,37.1,27.6,0.0,0.0,18.8,61,999.0,74
2025-05-15,36.4,27.5,0.1,0.1,14.4,62,999.5,76
2025-05-16,36.9,27.3,0.0,0.0,17.0,64,999.2,92
2025-05-17,31.9,25.7,6.8,6.8,15.3,80,999.8,100
2025-05-18,34.1,25.0,16.1,16.1,15.3,79,998.6,100
2025-05-19,32.7,24.8,11.6,11.6,16.6,78,997.4,100
2025-05-20,34.4,26.5,0.0,0.0,20.3,73,997.0,100
2025-05-21,35.0,26.6,0.0,0.0,19.0,59,998.4,100
2025-05-22,34.9,26.7,0.0,0.0,17.6,66,999.0,95
2025-05-23,35.3,26.3,0.5,0.5,17.9,72,997.4,64
2025-05-24,30.8,27.0,0.5,0.5,15.9,74,997.3,100
2025-05-25,33.0,25.7,3.9,3.9,15.5,78,998.1,99
2025-05-26,30.8,25.9,2.2,2.2,25.4,78,998.1,100
2025-05-27,32.6,25.1,0.9,0.9,28.6,71,997.0,99
2025-05-28,35.0,27.0,0.2,0.2,39.5,60,996.6,99
2025-05-29,34.8,26.8,0.4,0.4,29.1,64,996.7,100
2025-05-30,32.7,25.5,2.7,2.7,26.0,72,997.6,98
2025-05-31,33.2,26.5,0.0,0.0,24.8,64,999.8,93
2025-06-01,35.8,25.8,0.0,0.0,18.9,65,1000.7,55
2025-06-02,36.1,26.5,0.1,0.1,20.6,64,1000.8,90
2025-06-03,36.2,27.1,0.2,0.2,26.2,61,1000.7,72
2025-06-04,35.7,26.5,0.0,0.0,17.8,60,1001.0,74
2025-06-05,37.1,26.2,0.0,0.0,18.5,59,1001.2,53
2025-06-06,36.9,26.0,0.2,0.2,16.2,64,1001.5,35
2025-06-07,36.4,27.1,0.0,0.0,17.3,62,1001.5,48
2025-06-08,36.5,26.7,0.0,0.0,19.4,61,1000.5,58
2025-06-09,36.1,25.2,8.2,8.2,22.4,65,999.4,86
2025-06-10,37.0,25.6,3.1,3.1,20.8,63,996.9,83
2025-06-11,34.8,26.4,2.4,2.4,19.5,69,996.4,84
2025-06-12,35.5,26.2,0.1,0.1,28.1,62,995.9,98
2025-06-13,35.7,26.4,1.1,1.1,18.2,61,996.9,73
2025-06-14,34.5,26.2,10.7,10.7,24.5,66,998.2,87
2025-06-15,34.3,25.7,0.3,0.3,21.5,63,998.2,92
2025-06-16,34.0,24.8,0.8,0.8,31.3,65,999.0,89
2025-06-17,35.7,26.9,0.2,0.2,26.2,58,1000.2,94
2025-06-18,35.4,26.5,0.3,0.3,21.6,61,1000.4,96
2025-06-19,36.5,27.1,0.3,0.3,21.4,64,1000.3,99
2025-06-20,37.4,26.8,0.2,0.2,22.3,59,1000.7,85
2025-06-21,36.9,26.7,0.3,0.3,23.0,59,1000.6,92
2025-06-22,36.7,26.9,0.0,0.0,22.6,57,1000.2,97
2025-06-23,32.9,27.6,0.0,0.0,26.8,57,999.6,100
2025-06-24,36.4,27.3,0.0,0.0,31.0,53,998.6,100
2025-06-25,35.2,27.0,0.0,0.0,28.8,58,998.7,100
2025-06-26,34.6,26.9,0.8,0.8,22.3,64,999.3,99
2025-06-27,37.4,26.6,1.8,1.8,25.6,56,999.8,90
2025-06-28,36.4,26.3,0.5,0.5,25.0,58,1000.3,91
2025-06-29,37.3,27.2,0.0,0.0,29.4,50,999.3,98
2025-06-30,36.8,26.8,0.0,0.0,22.5,51,998.9,97
2025-07-01,36.1,27.3,0.0,0.0,24.4,52,999.4,98
2025-07-02,36.8,27.5,0.4,0.4,31.0,54,999.2,100
2025-07-03,35.7,27.6,0.0,0.0,23.1,53,1000.1,100
2025-07-04,37.7,27.3,0.1,0.1,25.2,49,1000.8,96
2025-07-05,36.9,27.4,0.0,0.0,27.9,52,1000.4,95
2025-07-06,36.8,27.3,0.1,0.1,35.1,51,999.8,99
2025-07-07,36.6,27.4,0.1,0.1,33.4,52,999.6,94
2025-07-08,38.0,26.9,0.1,0.1,21.7,53,1000.0,71
2025-07-09,38.5,26.9,0.1,0.1,22.1,51,999.8,67
2025-07-10,37.3,27.2,1.2,1.2,18.3,54,999.3,67
2025-07-11,37.8,27.1,0.7,0.7,18.2,56,998.7,43
2025-07-12,36.8,26.6,1.4,1.4,21.4,59,999.3,56
2025-07-13,38.2,25.6,15.2,15.2,22.6,55,999.4,99
2025-07-14,37.0,27.4,0.2,0.2,32.2,50,999.7,99
2025-07-15,37.3,26.8,0.1,0.1,25.7,52,998.8,99
2025-07-16,37.4,27.2,2.1,2.1,30.0,60,998.2,97
2025-07-17,35.4,26.4,0.0,0.0,26.1,54,998.3,100
2025-07-18,35.7,27.2,2.1,2.1,20.4,58,998.3,100
2025-07-19,35.8,26.6,6.3,6.3,24.7,60,996.7,100
2025-07-20,35.3,26.4,2.3,2.3,24.3,61,996.7,99
2025-07-21,34.6,26.8,0.1,0.1,29.3,57,997.8,100
2025-07-22,32.8,26.9,0.2,0.2,23.6,57,998.8,93
2025-07-23,36.0,26.9,0.0,0.0,32.8,52,998.0,96
2025-07-24,35.4,26.8,0.0,0.0,29.9,54,997.7,100
2025-07-25,33.1,27.6,0.1,0.1,29.1,52,998.3,100
2025-07-26,34.7,27.4,0.1,0.1,31.3,54,999.9,100
2025-07-27,36.3,24.0,3.4,3.4,25.3,55,1000.7,79
2025-07-28,38.1,26.2,0.1,0.1,24.9,50,1000.0,48
2025-07-29,39.3,27.8,0.0,0.0,23.8,43,1000.1,80
2025-07-30,39.1,27.2,1.8,1.8,23.7,51,1000.0,90
2025-07-31,39.6,27.0,1.2,1.2,24.7,56,999.7,97
2025-08-01,37.4,26.7,0.0,0.0,17.5,57,999.4,99
2025-08-02,37.0,25.7,3.2,3.2,25.1,65,999.6,96
2025-08-03,33.9,24.7,3.2,3.2,19.2,75,1000.4,100
2025-08-04,35.4,24.4,23.1,23.1,19.5,74,1000.5,99
2025-08-05,32.9,24.2,25.6,25.6,17.8,84,1000.4,93
2025-08-06,34.5,24.5,0.1,0.1,20.1,70,999.4,78
2025-08-07,35.8,24.7,1.6,1.6,20.8,67,999.1,96
2025-08-08,33.8,24.7,24.5,24.5,14.1,76,1000.8,99
2025-08-09,31.5,24.1,8.2,8.2,12.7,82,1002.6,100
2025-08-10,33.1,24.7,13.7,13.7,18.6,82,1002.2,96
2025-08-11,32.0,24.9,10.8,10.8,17.7,81,1002.2,99
2025-08-12,32.6,25.3,1.1,1.1,17.1,71,1000.3,100
2025-08-13,32.5,25.4,0.0,0.0,19.6,70,999.1,100
2025-08-14,33.9,25.7,0.7,0.7,19.6,68,999.5,96
2025-08-15,32.1,25.4,2.5,2.5,18.7,72,998.9,81
2025-08-16,33.0,25.8,0.0,0.0,21.6,66,997.1,98
2025-08-17,32.8,26.0,0.2,0.2,23.9,65,997.7,100
2025-08-18,33.7,26.1,0.0,0.0,29.2,59,999.8,100
2025-08-19,35.8,26.2,0.0,0.0,26.1,52,1000.2,83
2025-08-20,36.8,25.2,0.2,0.2,16.6,58,1000.8,57
2025-08-21,35.6,25.0,0.0,0.0,13.7,58,1002.0,64
2025-08-22,33.5,25.2,5.5,5.5,17.3,70,1002.2,95
2025-08-23,33.4,24.6,3.8,3.8,15.1,76,1001.9,97
2025-08-24,36.1,25.4,0.1,0.1,17.2,63,1001.7,55
2025-08-25,35.8,26.0,0.1,0.1,23.8,61,1000.9,89
2025-08-26,35.8,25.0,1.2,1.2,18.6,67,1000.7,97
2025-08-27,35.3,26.6,0.7,0.7,23.8,65,1000.0,99
2025-08-28,34.2,26.8,0.3,0.3,23.5,60,999.7,100
2025-08-29,36.5,26.8,0.6,0.6,23.8,61,1000.2,89
2025-08-30,36.5,26.4,1.9,1.9,20.4,64,1001.2,75
2025-08-31,36.0,25.9,0.5,0.5,20.8,61,1000.7,90
2025-09-01,36.1,26.2,3.3,3.3,18.9,62,999.0,100
2025-09-02,36.1,26.2,0.4,0.4,20.9,55,998.4,99
2025-09-03,36.1,25.2,2.0,2.0,18.8,63,999.0,97
2025-09-04,34.1,25.1,1.1,1.1,28.6,66,999.8,99
2025-09-05,36.5,25.6,1.4,1.4,21.0,63,1000.6,90
2025-09-06,35.5,26.1,5.5,5.5,17.3,66,1001.5,82
2025-09-07,34.2,25.9,10.5,10.5,17.1,70,1001.1,79
2025-09-08,34.2,24.4,13.0,13.0,12.6,74,1000.8,49
2025-09-09,33.9,24.5,7.7,7.7,14.3,77,1001.4,69
2025-09-10,34.7,24.7,18.9,18.9,14.4,77,1001.8,57
2025-09-11,35.1,24.6,0.2,0.2,18.9,71,1001.0,70
2025-09-12,34.3,25.4,0.0,0.0,15.8,69,1000.5,91
2025-09-13,34.9,24.4,3.7,3.7,18.2,69,1000.7,92
2025-09-14,34.9,25.5,0.3,0.3,19.1,65,1001.5,71
2025-09-15,35.1,25.3,0.0,0.0,17.9,65,1000.9,83
2025-09-16,34.4,25.1,6.1,6.1,20.1,74,1000.9,88
2025-09-17,33.3,24.5,16.2,16.2,14.6,83,1001.4,76
2025-09-18,33.3,24.8,11.2,11.2,14.6,78,1001.3,67
2025-09-19,32.0,25.4,0.3,0.3,16.2,77,1002.2,99
2025-09-20,32.7,25.1,0.4,0.4,16.4,72,1001.5,97
2025-09-21,34.0,25.5,1.8,1.8,16.5,70,1000.6,96
2025-09-22,34.6,25.7,1.5,1.5,20.4,70,1001.3,96
2025-09-23,35.0,26.5,0.2,0.2,24.2,63,1001.8,100
2025-09-24,34.9,26.8,1.5,1.5,17.6,63,1000.7,100
2025-09-25,35.1,25.8,6.2,6.2,21.9,69,999.8,91
2025-09-26,36.3,25.5,0.1,0.1,20.9,60,999.4,95
2025-09-27,36.2,25.9,0.0,0.0,24.1,55,1000.5,74
2025-09-28,35.9,26.9,0.0,0.0,20.1,58,1000.7,77
2025-09-29,37.5,27.0,0.0,0.0,28.3,50,1000.1,98
2025-09-30,36.1,26.2,0.0,0.0,21.5,55,999.2,91
2025-10-01,36.4,26.4,0.0,0.0,19.4,57,998.9,100
2025-10-02,37.2,27.0,0.4,0.4,19.9,60,1000.7,90
2025-10-03,34.3,25.3,2.9,2.9,16.9,71,1003.1,83
2025-10-04,30.5,24.6,2.2,2.2,16.0,81,1004.5,98
2025-10-05,33.7,24.3,18.5,18.5,16.0,78,1004.1,46
2025-10-06,33.2,24.0,0.6,0.6,9.7,78,1003.9,51
2025-10-07,32.5,23.4,12.3,12.3,9.7,80,1004.1,62
2025-10-08,32.7,23.6,10.3,10.3,17.7,76,1003.8,75
2025-10-09,33.8,24.6,5.1,5.1,11.3,76,1003.8,75
2025-10-10,33.0,23.5,14.0,14.0,15.8,79,1002.7,92
2025-10-11,32.8,24.6,10.6,10.6,10.5,83,1002.3,79
2025-10-12,32.3,23.8,0.1,0.1,13.0,83,1001.9,43
2025-10-13,32.2,23.2,14.7,14.7,17.0,84,1001.9,93
2025-10-14,31.4,23.6,13.0,13.0,15.6,88,1000.7,95
2025-10-15,29.8,23.6,13.9,13.9,17.6,88,1000.3,99
2025-10-16,28.0,24.1,23.6,23.6,15.0,92,1000.7,100
2025-10-17,30.1,23.6,24.5,24.5,17.8,90,1002.1,100
2025-10-18,30.7,24.0,2.2,2.2,11.2,88,1001.6,99
2025-10-19,30.0,23.5,19.3,19.3,15.2,90,1001.3,92
2025-10-20,28.0,23.1,29.3,29.3,16.9,93,1000.8,100
2025-10-21,26.2,23.3,28.5,28.5,17.9,94,1000.1,100
2025-10-22,30.7,23.1,17.9,17.9,14.4,86,1000.2,70
2025-10-23,31.1,24.1,0.6,0.6,15.3,83,1001.5,99
2025-10-24,31.1,24.9,14.0,14.0,13.4,87,1002.4,100
2025-10-25,31.3,23.7,10.0,10.0,14.7,82,1002.2,98
2025-10-26,28.9,23.5,0.4,0.4,7.7,86,1002.1,99
2025-10-27,29.2,24.5,0.2,0.2,25.8,81,1001.3,100
2025-10-28,31.2,26.0,0.2,0.2,23.2,70,1000.1,100
2025-10-29,33.4,23.6,0.1,0.1,21.1,78,1001.1,42
2025-10-30,32.1,23.8,0.2,0.2,12.1,79,1003.2,19
2025-10-31,33.2,24.3,0.0,0.0,11.2,72,1004.3,15
2025-11-01,33.0,23.8,0.0,0.0,13.5,77,1004.2,62
2025-11-02,33.2,24.1,0.0,0.0,12.9,76,1004.8,76
2025-11-03,33.7,25.0,0.0,0.0,13.9,71,1004.1,79
2025-11-04,33.6,25.3,0.0,0.0,14.8,69,1003.5,97
2025-11-05,32.5,24.6,4.0,4.0,11.6,76,1002.5,55
2025-11-06,30.7,23.4,7.3,7.3,14.3,86,1003.3,84
2025-11-07,30.3,24.5,0.8,0.8,12.6,82,1004.3,86
2025-11-08,30.8,23.8,1.2,1.2,14.3,84,1005.1,21
2025-11-09,31.3,23.2,0.0,0.0,14.1,76,1004.4,6
2025-11-10,31.3,22.9,0.0,0.0,12.0,77,1004.4,42
2025-11-11,31.3,23.5,1.7,1.7,15.1,81,1004.8,71
2025-11-12,30.8,24.1,2.4,2.4,19.4,79,1005.2,87
2025-11-13,30.6,24.3,2.8,2.8,16.3,81,1005.9,53
2025-11-14,29.5,23.6,0.6,0.6,22.2,76,1005.7,50
2025-11-15,30.0,22.5,0.2,0.2,19.7,75,1006.3,94
2025-11-16,28.2,23.7,7.1,7.1,22.8,85,1006.6,90
2025-11-17,26.5,22.4,15.2,15.2,24.8,87,1006.0,100
2025-11-18,27.9,22.1,12.1,12.1,19.7,90,1005.0,94
2025-11-19,29.2,22.1,1.9,1.9,19.2,85,1005.2,45
2025-11-20,30.2,22.9,1.1,1.1,20.1,81,1005.5,75
2025-11-21,29.1,23.2,8.1,8.1,17.1,88,1006.2,98
2025-11-22,29.6,22.9,17.1,17.1,19.4,92,1006.0,100
2025-11-23,28.7,22.6,40.4,40.4,25.5,92,1005.8,100
2025-11-24,25.9,22.5,25.4,25.4,18.0,94,1006.7,99
2025-11-25,29.3,23.3,1.0,1.0,22.2,82,1005.7,72
2025-11-26,28.3,23.3,1.4,1.4,24.5,80,1005.8,100
2025-11-27,28.4,22.9,0.1,0.1,24.2,75,1005.3,100
2025-11-28,26.4,21.6,8.8,8.8,25.5,77,1003.5,100
2025-11-29,23.2,21.7,96.1,96.1,25.9,91,1001.6,100
2025-11-30,26.9,21.8,11.4,11.4,21.7,89,1001.7,97
2025-12-01,29.6,22.6,1.5,1.5,12.2,86,1002.8,72
2025-12-02,29.2,23.7,29.5,29.5,10.5,89,1003.0,83
2025-12-03,27.5,23.1,14.0,14.0,11.8,92,1004.5,99
2025-12-04,29.8,23.4,1.5,1.5,19.3,86,1006.1,65
2025-12-05,27.8,22.9,8.6,8.6,23.2,90,1006.9,89
2025-12-06,29.3,22.4,8.9,8.9,19.2,86,1007.4,58
2025-12-07,28.4,23.0,4.1,4.1,17.2,87,1007.5,55
2025-12-08,28.2,21.7,0.0,0.0,20.4,80,1007.0,55
2025-12-09,28.0,22.1,4.9,4.9,21.9,81,1006.2,70
2025-12-10,28.5,22.7,0.1,0.1,22.4,78,1006.6,72
2025-12-11,27.5,21.5,0.3,0.3,21.8,80,1006.5,51
2025-12-12,27.6,21.5,0.8,0.8,22.4,79,1005.9,71
2025-12-13,27.5,20.4,0.0,0.0,18.7,77,1006.5,24
2025-12-14,27.4,18.8,0.0,0.0,18.6,78,1007.0,11
2025-12-15,27.9,18.9,0.2,0.2,17.8,80,1006.7,27
2025-12-16,27.1,22.6,6.8,6.8,20.5,87,1005.8,98
2025-12-17,28.9,22.6,2.9,2.9,24.3,86,1006.6,86
2025-12-18,28.0,20.6,0.1,0.1,22.7,80,1007.2,92
2025-12-19,27.9,19.9,0.0,0.0,18.0,79,1006.1,96
2025-12-20,27.3,18.8,0.0,0.0,14.2,77,1005.2,31
2025-12-21,28.3,17.8,0.0,0.0,15.5,77,1005.6,33
2025-12-22,28.0,19.5,0.0,0.0,15.5,78,1005.8,81
2025-12-23,28.7,20.3,0.0,0.0,14.4,81,1004.9,61
2025-12-24,28.5,20.5,0.0,0.0,16.7,78,1005.1,20
2025-12-25,29.0,19.7,0.0,0.0,14.6,81,1005.8,61
2025-12-26,27.7,21.5,1.1,1.1,18.2,82,1005.7,57
2025-12-27,29.0,20.7,0.0,0.0,16.8,77,1006.0,19
2025-12-28,29.3,21.0,0.0,0.0,16.6,78,1006.4,25
2025-12-29,28.6,21.4,0.0,0.0,19.1,79,1006.1,81
2025-12-30,29.5,20.9,0.0,0.0,14.8,79,1005.5,7
2025-12-31,28.9,22.6,1.4,1.4,14.3,85,1003.9,59
2026-01-01,28.5,23.2,2.6,2.6,22.8,85,1004.3,80
2026-01-02,28.7,22.9,0.4,0.4,15.1,86,1006.1,78
2026-01-03,28.7,22.6,0.4,0.4,20.4,80,1007.0,43
2026-01-04,28.6,21.1,0.0,0.0,22.9,77,1007.6,24
2026-01-05,28.8,20.3,0.0,0.0,24.1,73,1007.9,40
2026-01-06,28.1,23.2,0.4,0.4,24.3,69,1008.0,78
2026-01-07,28.3,22.0,0.0,0.0,25.5,70,1008.5,71
2026-01-08,27.9,20.7,0.1,0.1,24.0,70,1008.7,100
2026-01-09,26.8,22.1,0.1,0.1,27.9,71,1007.4,96
2026-01-10,24.8,21.2,6.1,6.1,22.6,81,1006.7,98
2026-01-11,26.8,21.2,8.3,8.3,27.3,87,1008.0,91
2026-01-12,24.9,22.2,11.5,11.5,19.5,87,1009.4,94
2026-01-13,26.1,22.1,9.2,9.2,15.4,88,1009.5,86
2026-01-14,29.4,21.4,0.4,0.4,13.4,85,1008.0,20
2026-01-15,28.9,20.5,0.0,0.0,13.2,84,1006.8,31
2026-01-16,28.1,20.8,1.0,1.0,16.8,82,1007.0,30
2026-01-17,27.8,20.3,0.1,0.1,14.5,81,1006.0,55
2026-01-18,28.0,18.6,0.0,0.0,12.1,79,1005.0,37
2026-01-19,28.0,17.8,0.0,0.0,14.0,81,1005.9,3
2026-01-20,28.2,18.8,0.0,0.0,13.4,81,1006.1,30
2026-01-21,28.1,19.1,0.0,0.0,15.3,78,1007.0,24
2026-01-22,28.0,19.1,0.0,0.0,18.8,77,1007.6,12
2026-01-23,28.7,19.2,0.7,0.7,16.1,77,1008.0,25
2026-01-24,25.2,22.0,2.5,2.5,21.4,84,1008.1,90
2026-01-25,25.3,21.7,14.4,14.4,16.4,90,1007.6,91
2026-01-26,28.6,22.1,2.3,2.3,14.9,86,1008.8,77
2026-01-27,29.3,21.8,0.2,0.2,20.1,80,1009.7,65
2026-01-28,29.0,20.5,0.1,0.1,18.0,79,1008.6,19
2026-01-29,28.9,20.2,0.3,0.3,16.4,78,1008.0,35
2026-01-30,28.8,19.4,0.2,0.2,17.3,76,1008.6,35
2026-01-31,29.0,19.1,0.0,0.0,17.1,76,1008.4,53
2026-02-01,28.5,22.6,5.2,5.2,20.5,78,1008.2,78
2026-02-02,29.6,21.7,0.2,0.2,23.9,76,1008.1,37
2026-02-03,29.3,20.3,0.0,0.0,16.4,75,1008.7,41
2026-02-04,29.6,20.8,0.3,0.3,21.6,77,1008.3,45
2026-02-05,29.0,21.9,1.0,1.0,20.8,80,1008.6,47
2026-02-06,29.8,21.0,0.0,0.0,20.7,79,1008.7,27
2026-02-07,29.4,21.4,0.1,0.1,18.5,78,1008.0,61
2026-02-08,30.6,20.5,0.0,0.0,18.2,77,1007.0,47
2026-02-09,30.2,19.9,0.1,0.1,15.8,76,1007.2,83
2026-02-10,29.7,20.2,0.1,0.1,20.6,75,1007.7,81
2026-02-11,28.9,19.6,0.3,0.3,21.3,75,1008.7,73
2026-02-12,30.1,20.1,0.0,0.0,17.7,74,1007.5,67
2026-02-13,31.2,21.8,0.4,0.4,18.4,76,1006.4,45
2026-02-14,30.9,22.2,0.2,0.2,19.3,76,1006.2,84
2026-02-15,31.5,21.4,0.1,0.1,17.1,76,1006.0,53
2026-02-16,31.3,21.2,0.1,0.1,18.3,73,1005.3,69
2026-02-17,30.7,20.0,0.1,0.1,18.3,74,1005.3,73
2026-02-18,29.6,21.0,0.3,0.3,17.1,73,1005.4,86
2026-02-19,31.1,21.8,0.4,0.4,17.7,74,1005.7,38
2026-02-20,30.7,22.3,1.0,1.0,21.6,79,1005.8,76
2026-02-21,31.3,23.4,1.0,1.0,20.3,76,1003.3,75
2026-02-22,31.8,23.8,0.2,0.2,17.7,75,1001.5,85
2026-02-23,32.9,23.4,0.1,0.1,16.2,75,1001.7,12
2026-02-24,31.8,23.2,0.1,0.1,15.5,74,1003.0,40
2026-02-25,32.8,23.6,0.0,0.0,15.2,73,1004.6,48
2026-02-26,33.5,23.5,0.0,0.0,13.7,71,1003.9,33
2026-02-27,33.2,22.3,0.1,0.1,15.1,71,1002.4,29
2026-02-28,32.6,21.3,0.1,0.1,10.7,70,1002.4,27
2026-03-01,33.7,21.0,0.0,0.0,13.6,69,1003.1,22
2026-03-02,34.0,20.7,0.0,0.0,16.3,68,1004.3,14
2026-03-03,33.6,21.5,0.0,0.0,16.2,70,1005.0,35
2026-03-04,33.7,20.5,0.0,0.0,11.7,73,1005.3,27
2026-03-05,34.2,22.8,0.0,0.0,12.6,71,1004.3,22
2026-03-06,34.8,21.3,0.0,0.0,14.4,68,1003.0,19
2026-03-07,34.7,22.8,0.0,0.0,16.0,64,1003.4,3
2026-03-08,33.8,22.9,0.1,0.1,13.1,71,1004.2,25
2026-03-09,32.5,23.1,0.7,0.7,18.0,71,1005.0,16
2026-03-10,30.2,22.1,2.2,2.2,20.3,78,1006.4,22
2026-03-11,32.7,23.1,1.5,1.5,15.2,70,1005.8,18
2026-03-12,33.4,23.1,0.5,0.5,15.3,74,1003.9,12
2026-03-13,34.2,22.6,0.0,0.0,14.8,70,1003.2,25
2026-03-14,34.2,23.8,0.1,0.1,12.3,69,1005.0,47
2026-03-15,34.1,22.5,0.1,0.1,12.8,71,1005.3,24
2026-03-16,34.6,23.2,0.2,0.2,20.6,70,1003.9,21
2026-03-17,33.2,24.1,0.8,0.8,16.0,71,1003.5,35
2026-03-18,33.1,23.3,12.5,12.5,14.5,71,1004.3,52
2026-03-19,33.7,22.0,3.1,3.1,20.2,71,1005.1,34
2026-03-20,33.4,22.7,3.6,3.6,13.9,72,1003.9,22
2026-03-21,33.9,23.9,0.1,0.1,13.5,74,1003.7,26
2026-03-22,34.0,23.5,0.4,0.4,12.8,74,1004.4,25
2026-03-23,34.0,23.7,0.0,0.0,15.6,73,1004.4,23
2026-03-24,33.6,23.1,0.1,0.1,13.1,71,1003.8,20
2026-03-25,34.4,22.5,0.0,0.0,15.9,72,1003.7,8
2026-03-26,34.5,22.7,0.1,0.1,17.4,74,1004.3,19
2026-03-27,34.3,22.1,0.0,0.0,11.7,72,1003.5,14
2026-03-28,35.9,22.4,0.0,0.0,14.2,69,1001.7,46
2026-03-29,35.5,23.9,0.0,0.0,18.1,73,1001.5,52
2026-03-30,35.0,24.3,0.0,0.0,13.2,71,1002.4,39
2026-03-31,34.9,23.6,0.1,0.1,14.6,71,1003.0,19
2026-04-01,34.5,23.2,0.0,0.0,13.9,70,1003.5,31
2026-04-02,34.2,22.3,0.0,0.0,16.6,65,1004.2,32
2026-04-03,35.4,24.6,0.4,0.4,17.2,66,1003.9,87
2026-04-04,36.5,26.3,1.9,1.9,18.4,66,1002.5,86
2026-04-05,37.8,24.8,6.0,6.0,15.7,62,1001.6,67
2026-04-06,34.3,24.7,0.2,0.2,13.5,69,1002.8,90
2026-04-07,36.9,26.6,0.0,0.0,17.7,67,1002.5,93
2026-04-08,34.7,26.8,0.1,0.1,13.8,74,1002.4,51
2026-04-09,35.5,24.3,4.6,4.6,15.9,74,1003.5,45
2026-04-10,34.9,26.4,0.1,0.1,16.1,73,1004.2,30
2026-04-11,35.3,25.9,0.0,0.0,15.4,72,1003.7,79
2026-04-12,34.5,25.2,0.2,0.2,12.1,72,1002.4,15
2026-04-13,35.6,25.1,0.0,0.0,15.3,71,1003.2,67
2026-04-14,35.1,25.4,0.0,0.0,13.4,73,1002.9,59
2026-04-15,36.1,25.3,0.0,0.0,13.4,71,1001.2,3
2026-04-16,35.5,25.7,0.0,0.0,14.4,73,1001.3,38
2026-04-17,35.7,25.4,0.0,0.0,13.7,74,1001.9,100
2026-04-18,35.6,25.5,0.0,0.0,14.4,71,1002.0,36
2026-04-19,35.7,24.7,0.0,0.0,14.0,72,1001.8,10
2026-04-20,35.7,25.4,0.0,0.0,16.1,70,1001.5,7
2026-04-21,35.9,25.3,0.0,0.0,16.6,68,1001.2,29
2026-04-22,35.6,26.0,0.1,0.1,13.1,69,1001.0,37
2026-04-23,36.0,25.8,0.2,0.2,13.8,69,1000.6,41
2026-04-24,36.0,26.0,0.0,0.0,13.0,66,1000.8,78
2026-04-25,35.6,26.6,0.0,0.0,12.9,66,1001.9,48
2026-04-26,36.5,26.0,0.0,0.0,12.7,67,1001.6,29
2026-04-27,37.2,25.7,0.2,0.2,19.3,69,1000.3,64
2026-04-28,36.9,27.5,0.1,0.1,19.4,65,1000.3,97
2026-04-29,36.8,27.7,0.0,0.0,21.2,64,1000.6,87
2026-04-30,38.1,27.7,0.0,0.0,22.9,63,1001.3,14
2026-05-01,37.6,27.7,0.0,0.0,19.0,64,1001.4,82
2026-05-02,38.1,27.9,0.7,0.7,17.9,64,1000.3,69
2026-05-03,37.6,27.8,0.0,0.0,19.3,61,1000.0,93
2026-05-04,36.0,27.0,0.0,0.0,15.8,65,1000.2,59
2026-05-05,35.3,27.1,1.3,1.3,16.1,64,1001.0,94
2026-05-06,34.4,24.4,12.5,12.5,16.0,75,1000.4,48
2026-05-07,34.2,24.8,4.6,4.6,10.3,73,1000.3,85
2026-05-08,32.3,24.7,6.9,6.9,14.6,79,1000.9,96
2026-05-09,29.3,24.9,14.2,14.2,18.1,87,1001.0,100
2026-05-10,33.2,24.9,3.7,3.7,12.6,82,1000.2,80
2026-05-11,34.6,25.2,0.2,0.2,12.5,72,999.9,89
2026-05-12,33.7,26.1,0.9,0.9,14.8,76,998.9,85
2026-05-13,33.8,26.4,0.0,0.0,15.7,74,997.7,99
2026-05-14,31.2,27.4,1.9,1.9,12.7,83,996.9,100
2026-05-15,29.5,26.0,6.1,6.1,12.9,87,997.5,91
2026-05-16,32.1,25.7,4.6,4.6,12.2,83,997.9,46
2026-05-17,33.8,26.2,5.5,5.5,19.9,82,998.8,68
2026-05-18,35.0,26.4,0.7,0.7,15.1,73,999.1,78
2026-05-19,35.5,27.3,3.5,3.5,19.1,72,999.6,80
2026-05-20,36.1,27.9,0.0,0.0,19.0,64,999.1,87
2026-05-21,37.5,28.6,0.0,0.0,18.5,62,998.8,85
2026-05-22,37.3,28.5,0.0,0.0,22.4,60,1000.2,62
2026-05-23,35.3,28.3,0.3,0.3,23.2,63,1001.6,98
2026-05-24,36.2,28.3,0.0,0.0,23.8,60,1001.4,52
2026-05-25,36.5,27.6,1.6,1.6,23.5,64,1001.2,43
2026-05-26,36.9,27.8,0.6,0.6,17.0,67,1001.4,27
2026-05-27,36.5,28.4,0.1,0.1,16.3,63,1001.9,83
2026-05-28,36.8,27.6,0.1,0.1,19.6,63,1002.1,81
2026-05-29,37.2,28.0,0.2,0.2,18.9,62,1001.4,86
2026-05-30,36.4,27.6,0.1,0.1,20.6,62,1001.1,96
2026-05-31,37.1,27.7,3.2,3.2,19.4,67,1001.5,71
2026-06-01,35.4,27.0,0.4,0.4,16.1,67,1002.2,64
2026-06-02,35.9,27.0,0.6,0.6,21.3,69,1001.6,27
2026-06-03,34.9,27.1,0.7,0.7,26.7,67,1000.3,69
2026-06-04,35.8,27.5,3.1,3.1,19.3,63,999.8,84
2026-06-05,35.9,28.3,0.0,0.0,24.1,55,999.6,92
2026-06-06,36.1,28.2,0.0,0.0,24.4,54,1000.3,99
2026-06-07,36.5,27.9,1.1,1.1,16.1,58,1001.4,94
2026-06-08,35.5,28.1,0.0,0.0,27.2,57,1001.5,99
2026-06-09,35.8,28.4,0.0,0.0,32.7,56,1001.2,94
2026-06-10,35.1,28.3,0.0,0.0,22.9,55,1000.9,92
2026-06-11,35.7,28.4,0.2,0.2,18.3,58,1000.4,93
2026-06-12,35.5,28.2,0.3,0.3,23.2,58,1001.7,84
2026-06-13,36.1,26.2,2.6,2.6,20.4,67,1002.1,76
2026-06-14,36.3,27.7,6.5,6.5,19.7,62,1001.2,71
2026-06-15,35.9,27.9,0.0,0.0,18.0,64,1000.4,95
2026-06-16,36.6,27.8,0.0,0.0,17.0,62,1000.3,90
2026-06-17,36.2,27.5,1.2,1.2,15.5,67,1000.9,87
2026-06-18,33.2,26.0,21.1,21.1,18.5,74,1001.5,88
2026-06-19,34.3,25.6,6.4,6.4,20.9,74,1001.6,73
2026-06-20,34.4,25.2,2.7,2.7,16.5,74,1002.2,90
2026-06-21,34.2,26.5,0.9,0.9,14.9,75,1002.1,90
2026-06-22,33.8,26.7,1.7,1.7,20.6,72,1002.0,95
2026-06-23,35.7,26.8,0.1,0.1,21.7,59,1001.1,62
2026-06-24,34.5,27.9,3.1,3.1,20.2,59,1001.2,89
2026-06-25,36.3,27.7,0.2,0.2,19.1,60,1000.5,45
2026-06-26,35.1,27.7,0.4,0.4,21.2,61,1000.5,94
2026-06-27,36.0,27.6,0.1,0.1,19.7,58,999.8,45
2026-06-28,36.2,26.9,1.8,1.8,18.3,66,999.6,50
2026-06-29,36.2,27.0,1.8,1.8,23.5,61,1000.1,43
2026-06-30,36.2,27.3,0.6,0.6,29.5,56,1000.5,75
2026-07-01,35.2,27.5,0.0,0.0,30.2,53,1000.5,83
2026-07-02,35.7,28.1,0.0,0.0,27.2,54,1000.2,77
2026-07-03,35.5,27.7,1.8,1.8,28.9,59,1001.1,96
2026-07-04,32.9,26.2,2.0,2.0,29.6,62,1000.7,100
2026-07-05,36.4,27.8,0.0,0.0,32.4,48,1000.0,82
2026-07-06,37.5,26.5,0.0,0.0,32.2,46,999.9,89
2026-07-07,36.3,28.4,0.0,0.0,34.8,49,1000.8,87
2026-07-08,36.3,28.1,1.8,1.8,29.0,53,1000.7,72
2026-07-09,36.5,28.7,1.3,1.3,23.2,60,1001.2,77
2026-07-10,35.7,26.8,3.7,3.7,24.2,69,1002.5,91
2026-07-11,36.1,27.1,0.2,0.2,20.8,58,1001.2,78
2026-07-12,36.8,28.1,0.0,0.0,25.4,58,999.3,97
2026-07-13,37.4,27.4,0.0,0.0,22.8,57,999.5,74
2026-07-14,37.9,27.5,0.0,0.0,21.2,60,999.5,89
2026-07-15,37.1,26.9,0.0,0.0,21.8,64,1000.7,89
2026-07-16,36.5,27.4,0.0,0.0,20.9,59,1001.5,96
2026-07-17,35.4,27.1,0.8,0.8,26.8,61,1001.8,61
2026-07-18,35.3,28.0,0.4,0.4,18.9,58,1001.6,97
2026-07-19,35.5,27.9,0.6,0.6,20.8,59,1001.3,98
2026-07-20,35.1,27.3,0.3,0.3,21.5,61,1001.7,97
2026-07-21,36.0,27.6,0.0,0.0,21.6,58,1001.7,91
2026-07-22,35.6,27.3,0.3,0.3,21.8,64,1001.8,97
2026-07-23,35.0,27.5,0.0,0.0,19.4,64,1001.3,88
2026-07-24,36.6,27.2,0.3,0.3,19.2,59,1000.4,60
2026-07-25,37.0,27.7,0.5,0.5,16.6,59,1000.1,58
2026-07-26,37.2,27.8,0.0,0.0,25.1,55,999.8,84
2026-07-27,35.9,28.3,0.9,0.9,25.6,60,999.3,96
2026-07-28,35.8,28.1,1.0,1.0,21.3,60,998.7,98
2026-07-29,36.7,28.7,0.4,0.4,28.3,54,997.9,98
2026-07-30,36.6,28.4,2.2,2.2,26.7,56,996.6,96
2026-07-31,36.4,28.3,5.3,5.3,22.4,63,996.9,92
2026-08-01,36.3,27.0,5.6,5.6,28.9,59,998.2,97
2026-08-02,35.6,26.7,1.8,1.8,25.1,61,999.8,83
2026-08-03,35.9,25.2,4.2,4.2,21.6,63,1000.5,95
2026-08-04,34.3,27.4,2.3,2.3,24.5,60,1000.9,86
2026-08-05,36.4,27.0,1.2,1.2,21.8,59,1000.0,94
2026-08-06,35.9,28.0,5.2,5.2,18.8,62,1000.0,92
2026-08-07,34.4,27.6,1.7,1.7,29.5,61,999.7,98
2026-08-08,35.4,27.3,0.7,0.7,23.2,63,999.8,97
2026-08-09,35.6,27.4,2.1,2.1,18.3,65,1000.5,82
2026-08-10,36.3,27.1,0.8,0.8,22.4,65,999.9,46
2026-08-11,35.0,27.4,0.4,0.4,19.2,67,999.7,97
2026-08-12,36.4,27.2,0.3,0.3,18.1,62,1000.7,68
2026-08-13,35.9,27.8,2.5,2.5,19.1,63,1002.0,83
2026-08-14,35.7,27.7,0.7,0.7,19.7,60,1001.8,83
2026-08-15,35.4,26.6,0.2,0.2,21.0,62,1001.9,81
2026-08-16,36.4,27.5,0.5,0.5,22.3,60,1001.5,80
2026-08-17,36.2,27.7,0.6,0.6,19.2,62,1002.4,74
2026-08-18,36.1,27.4,0.5,0.5,22.2,58,1002.7,54
2026-08-19,35.2,27.8,1.1,1.1,18.2,64,1002.6,62
2026-08-20,34.6,26.8,3.6,3.6,15.1,76,1002.5,80
2026-08-21,34.9,26.8,0.0,0.0,19.1,63,1001.9,75
2026-08-22,34.8,27.1,0.5,0.5,21.7,59,1001.4,86
2026-08-23,35.2,26.4,3.7,3.7,21.2,68,1001.5,74
2026-08-24,34.6,26.6,0.8,0.8,20.5,62,1002.0,96
2026-08-25,33.6,27.8,0.1,0.1,24.0,63,1002.7,100
2026-08-26,34.6,27.4,1.3,1.3,22.8,65,1002.8,74
2026-08-27,35.3,27.4,1.1,1.1,22.5,63,1002.3,64
2026-08-28,36.1,27.1,0.4,0.4,18.9,60,1002.0,69
2026-08-29,35.7,27.2,0.1,0.1,22.0,56,1002.1,91
2026-08-30,36.2,26.6,0.1,0.1,24.6,57,1002.3,71
2026-08-31,35.9,26.9,0.1,0.1,19.6,56,1001.9,70
2026-09-01,36.4,26.6,0.4,0.4,15.6,60,1002.2,31
2026-09-02,35.5,26.6,0.1,0.1,21.9,64,1002.5,66
2026-09-03,35.1,27.6,0.3,0.3,19.2,63,1002.3,58
2026-09-04,33.7,26.9,0.3,0.3,16.1,67,1002.9,65
2026-09-05,34.8,26.6,1.2,1.2,16.2,72,1003.8,67
2026-09-06,35.1,24.9,10.1,10.1,15.7,75,1004.6,95
2026-09-07,34.8,27.2,0.5,0.5,16.9,70,1004.1,58
2026-09-08,35.8,27.0,0.0,0.0,19.4,63,1003.3,26
2026-09-09,35.5,27.1,0.0,0.0,19.2,61,1002.1,59
2026-09-10,34.5,26.3,2.3,2.3,16.5,69,1001.5,80
2026-09-11,34.4,25.4,1.1,1.1,15.0,71,1000.6,96
2026-09-12,34.9,26.6,0.0,0.0,15.3,72,1000.7,94
2026-09-13,34.2,25.7,0.0,0.0,11.7,72,1002.6,92
2026-09-14,33.2,24.5,15.1,15.1,11.4,81,1004.3,86
2026-09-15,33.5,24.1,5.0,5.0,13.2,73,1004.4,65
2026-09-16,34.2,25.3,2.3,2.3,17.2,72,1004.3,79
2026-09-17,35.1,25.6,12.7,12.7,15.3,75,1003.5,47
2026-09-18,34.4,26.1,0.1,0.1,12.9,71,1003.0,41
2026-09-19,33.9,26.0,11.0,11.0,12.1,74,1003.4,95
2026-09-20,33.5,26.0,21.4,21.4,15.1,85,1003.5,98
2026-09-21,33.2,25.5,8.2,8.2,17.9,80,1002.4,97
2026-09-22,34.2,25.9,1.2,1.2,18.8,73,1001.1,96
2026-09-23,34.4,26.9,0.0,0.0,25.0,58,1000.1,98
2026-09-24,35.0,26.9,0.0,0.0,26.5,54,999.7,99
2026-09-25,32.7,27.1,0.0,0.0,21.7,55,1001.2,100
2026-09-26,35.8,26.8,0.0,0.0,21.7,56,1002.3,63
2026-09-27,35.5,26.9,0.1,0.1,16.2,58,1002.0,17
2026-09-28,34.4,26.8,0.7,0.7,12.7,70,1002.5,15
2026-09-29,35.0,25.0,0.0,0.0,12.2,71,1003.9,75
2026-09-30,35.3,25.6,5.2,5.2,14.3,73,1004.6,80
